Command line invocation:
    /Applications/Xcode_26.6.app/Contents/Developer/usr/bin/xcodebuild -project iosApp/iosApp.xcodeproj -target iosApp -configuration Debug -sdk iphoneos -arch arm64 SYMROOT=/Users/runner/work/pharmaMobil-ktor/pharmaMobil-ktor/build/ios-dispositivo CODE_SIGNING_ALLOWED=NO CODE_SIGNING_REQUIRED=NO CODE_SIGN_IDENTITY= "PHARMASOFT_URL=http://10.40.25.34:8080/api/v1/" build

Build settings from command line:
    ARCHS = arm64
    CODE_SIGN_IDENTITY = 
    CODE_SIGNING_ALLOWED = NO
    CODE_SIGNING_REQUIRED = NO
    PHARMASOFT_URL = http://10.40.25.34:8080/api/v1/
    SDKROOT = iphoneos26.5
    SYMROOT = /Users/runner/work/pharmaMobil-ktor/pharmaMobil-ktor/build/ios-dispositivo

note: Using codesigning identity override: 
ComputePackagePrebuildTargetDependencyGraph

Prepare packages

CreateBuildRequest

SendProjectDescription

CreateBuildOperation

ComputeTargetDependencyGraph
note: Building targets in dependency order
note: Target dependency graph (1 target)
    Target 'iosApp' in project 'iosApp' (no dependencies)

GatherProvisioningInputs

CreateBuildDescription

ExecuteExternalTool /Applications/Xcode_26.6.app/Contents/Developer/Toolchains/XcodeDefault.xctoolchain/usr/bin/clang -v -E -dM -isysroot /Applications/Xcode_26.6.app/Contents/Developer/Platforms/iPhoneOS.platform/Developer/SDKs/iPhoneOS26.5.sdk -x c -c /dev/null

ExecuteExternalTool /Applications/Xcode_26.6.app/Contents/Developer/usr/bin/actool --print-asset-tag-combinations --output-format xml1 /Users/runner/work/pharmaMobil-ktor/pharmaMobil-ktor/iosApp/iosApp/Preview Content/Preview Assets.xcassets /Users/runner/work/pharmaMobil-ktor/pharmaMobil-ktor/iosApp/iosApp/Assets.xcassets

ExecuteExternalTool /Applications/Xcode_26.6.app/Contents/Developer/usr/bin/actool --version --output-format xml1

ExecuteExternalTool /Applications/Xcode_26.6.app/Contents/Developer/Toolchains/XcodeDefault.xctoolchain/usr/bin/swiftc --version

ExecuteExternalTool /Applications/Xcode_26.6.app/Contents/Developer/Toolchains/XcodeDefault.xctoolchain/usr/bin/ld -version_details

Build description signature: f3943a3f25618601118ada33e8a72f54
Build description path: /Users/runner/work/pharmaMobil-ktor/pharmaMobil-ktor/build/ios-dispositivo/XCBuildData/f3943a3f25618601118ada33e8a72f54.xcbuilddata
CreateBuildDirectory /Users/runner/work/pharmaMobil-ktor/pharmaMobil-ktor/build/ios-dispositivo
    cd /Users/runner/work/pharmaMobil-ktor/pharmaMobil-ktor/iosApp/iosApp.xcodeproj
    builtin-create-build-directory /Users/runner/work/pharmaMobil-ktor/pharmaMobil-ktor/build/ios-dispositivo

ClangStatCache /Applications/Xcode_26.6.app/Contents/Developer/Toolchains/XcodeDefault.xctoolchain/usr/bin/clang-stat-cache /Applications/Xcode_26.6.app/Contents/Developer/Platforms/iPhoneOS.platform/Developer/SDKs/iPhoneOS26.5.sdk /var/folders/36/tjdph2t965j8snz9_vkdnw0r0000gn/C/com.apple.DeveloperTools/26.6-17F113/Xcode/SDKStatCaches.noindex/iphoneos26.5-23F81a-688ef53f1462e2c8f657fdc38a81448fee66e23052a0157c865c76b268046726.sdkstatcache
    cd /Users/runner/work/pharmaMobil-ktor/pharmaMobil-ktor/iosApp/iosApp.xcodeproj
    /Applications/Xcode_26.6.app/Contents/Developer/Toolchains/XcodeDefault.xctoolchain/usr/bin/clang-stat-cache /Applications/Xcode_26.6.app/Contents/Developer/Platforms/iPhoneOS.platform/Developer/SDKs/iPhoneOS26.5.sdk -o /var/folders/36/tjdph2t965j8snz9_vkdnw0r0000gn/C/com.apple.DeveloperTools/26.6-17F113/Xcode/SDKStatCaches.noindex/iphoneos26.5-23F81a-688ef53f1462e2c8f657fdc38a81448fee66e23052a0157c865c76b268046726.sdkstatcache

WriteAuxiliaryFile /Users/runner/work/pharmaMobil-ktor/pharmaMobil-ktor/build/ios-dispositivo/iosApp.build/Debug-iphoneos/iosApp-7b79493a8b7fc1f2fff3c51cd12ba024-VFS-iphoneos/all-product-headers.yaml
    cd /Users/runner/work/pharmaMobil-ktor/pharmaMobil-ktor/iosApp/iosApp.xcodeproj
    write-file /Users/runner/work/pharmaMobil-ktor/pharmaMobil-ktor/build/ios-dispositivo/iosApp.build/Debug-iphoneos/iosApp-7b79493a8b7fc1f2fff3c51cd12ba024-VFS-iphoneos/all-product-headers.yaml

CreateBuildDirectory /Users/runner/work/pharmaMobil-ktor/pharmaMobil-ktor/build/ios-dispositivo/SwiftExplicitPrecompiledModules
    cd /Users/runner/work/pharmaMobil-ktor/pharmaMobil-ktor/iosApp/iosApp.xcodeproj
    builtin-create-build-directory /Users/runner/work/pharmaMobil-ktor/pharmaMobil-ktor/build/ios-dispositivo/SwiftExplicitPrecompiledModules

CreateBuildDirectory /Users/runner/work/pharmaMobil-ktor/pharmaMobil-ktor/build/ios-dispositivo/ExplicitPrecompiledModules
    cd /Users/runner/work/pharmaMobil-ktor/pharmaMobil-ktor/iosApp/iosApp.xcodeproj
    builtin-create-build-directory /Users/runner/work/pharmaMobil-ktor/pharmaMobil-ktor/build/ios-dispositivo/ExplicitPrecompiledModules

CreateBuildDirectory /Users/runner/work/pharmaMobil-ktor/pharmaMobil-ktor/build/ios-dispositivo/EagerLinkingTBDs/Debug-iphoneos
    cd /Users/runner/work/pharmaMobil-ktor/pharmaMobil-ktor/iosApp/iosApp.xcodeproj
    builtin-create-build-directory /Users/runner/work/pharmaMobil-ktor/pharmaMobil-ktor/build/ios-dispositivo/EagerLinkingTBDs/Debug-iphoneos

CreateBuildDirectory /Users/runner/work/pharmaMobil-ktor/pharmaMobil-ktor/build/ios-dispositivo/Debug-iphoneos
    cd /Users/runner/work/pharmaMobil-ktor/pharmaMobil-ktor/iosApp/iosApp.xcodeproj
    builtin-create-build-directory /Users/runner/work/pharmaMobil-ktor/pharmaMobil-ktor/build/ios-dispositivo/Debug-iphoneos

WriteAuxiliaryFile /Users/runner/work/pharmaMobil-ktor/pharmaMobil-ktor/build/ios-dispositivo/iosApp.build/Debug-iphoneos/iosApp.build/Script-DE05F0031DB44EE7645D12E2.sh (in target 'iosApp' from project 'iosApp')
    cd /Users/runner/work/pharmaMobil-ktor/pharmaMobil-ktor/iosApp
    write-file /Users/runner/work/pharmaMobil-ktor/pharmaMobil-ktor/build/ios-dispositivo/iosApp.build/Debug-iphoneos/iosApp.build/Script-DE05F0031DB44EE7645D12E2.sh

WriteAuxiliaryFile /Users/runner/work/pharmaMobil-ktor/pharmaMobil-ktor/build/ios-dispositivo/iosApp.build/Debug-iphoneos/iosApp.build/PharmaMobil.hmap (in target 'iosApp' from project 'iosApp')
    cd /Users/runner/work/pharmaMobil-ktor/pharmaMobil-ktor/iosApp
    write-file /Users/runner/work/pharmaMobil-ktor/pharmaMobil-ktor/build/ios-dispositivo/iosApp.build/Debug-iphoneos/iosApp.build/PharmaMobil.hmap

WriteAuxiliaryFile /Users/runner/work/pharmaMobil-ktor/pharmaMobil-ktor/build/ios-dispositivo/iosApp.build/Debug-iphoneos/iosApp.build/PharmaMobil.DependencyStaticMetadataFileList (in target 'iosApp' from project 'iosApp')
    cd /Users/runner/work/pharmaMobil-ktor/pharmaMobil-ktor/iosApp
    write-file /Users/runner/work/pharmaMobil-ktor/pharmaMobil-ktor/build/ios-dispositivo/iosApp.build/Debug-iphoneos/iosApp.build/PharmaMobil.DependencyStaticMetadataFileList

WriteAuxiliaryFile /Users/runner/work/pharmaMobil-ktor/pharmaMobil-ktor/build/ios-dispositivo/iosApp.build/Debug-iphoneos/iosApp.build/PharmaMobil.DependencyMetadataFileList (in target 'iosApp' from project 'iosApp')
    cd /Users/runner/work/pharmaMobil-ktor/pharmaMobil-ktor/iosApp
    write-file /Users/runner/work/pharmaMobil-ktor/pharmaMobil-ktor/build/ios-dispositivo/iosApp.build/Debug-iphoneos/iosApp.build/PharmaMobil.DependencyMetadataFileList

WriteAuxiliaryFile /Users/runner/work/pharmaMobil-ktor/pharmaMobil-ktor/build/ios-dispositivo/iosApp.build/Debug-iphoneos/iosApp.build/PharmaMobil-project-headers.hmap (in target 'iosApp' from project 'iosApp')
    cd /Users/runner/work/pharmaMobil-ktor/pharmaMobil-ktor/iosApp
    write-file /Users/runner/work/pharmaMobil-ktor/pharmaMobil-ktor/build/ios-dispositivo/iosApp.build/Debug-iphoneos/iosApp.build/PharmaMobil-project-headers.hmap

WriteAuxiliaryFile /Users/runner/work/pharmaMobil-ktor/pharmaMobil-ktor/build/ios-dispositivo/iosApp.build/Debug-iphoneos/iosApp.build/PharmaMobil-own-target-headers.hmap (in target 'iosApp' from project 'iosApp')
    cd /Users/runner/work/pharmaMobil-ktor/pharmaMobil-ktor/iosApp
    write-file /Users/runner/work/pharmaMobil-ktor/pharmaMobil-ktor/build/ios-dispositivo/iosApp.build/Debug-iphoneos/iosApp.build/PharmaMobil-own-target-headers.hmap

WriteAuxiliaryFile /Users/runner/work/pharmaMobil-ktor/pharmaMobil-ktor/build/ios-dispositivo/iosApp.build/Debug-iphoneos/iosApp.build/PharmaMobil-generated-files.hmap (in target 'iosApp' from project 'iosApp')
    cd /Users/runner/work/pharmaMobil-ktor/pharmaMobil-ktor/iosApp
    write-file /Users/runner/work/pharmaMobil-ktor/pharmaMobil-ktor/build/ios-dispositivo/iosApp.build/Debug-iphoneos/iosApp.build/PharmaMobil-generated-files.hmap

WriteAuxiliaryFile /Users/runner/work/pharmaMobil-ktor/pharmaMobil-ktor/build/ios-dispositivo/iosApp.build/Debug-iphoneos/iosApp.build/PharmaMobil-all-target-headers.hmap (in target 'iosApp' from project 'iosApp')
    cd /Users/runner/work/pharmaMobil-ktor/pharmaMobil-ktor/iosApp
    write-file /Users/runner/work/pharmaMobil-ktor/pharmaMobil-ktor/build/ios-dispositivo/iosApp.build/Debug-iphoneos/iosApp.build/PharmaMobil-all-target-headers.hmap

WriteAuxiliaryFile /Users/runner/work/pharmaMobil-ktor/pharmaMobil-ktor/build/ios-dispositivo/iosApp.build/Debug-iphoneos/iosApp.build/PharmaMobil-all-non-framework-target-headers.hmap (in target 'iosApp' from project 'iosApp')
    cd /Users/runner/work/pharmaMobil-ktor/pharmaMobil-ktor/iosApp
    write-file /Users/runner/work/pharmaMobil-ktor/pharmaMobil-ktor/build/ios-dispositivo/iosApp.build/Debug-iphoneos/iosApp.build/PharmaMobil-all-non-framework-target-headers.hmap

WriteAuxiliaryFile /Users/runner/work/pharmaMobil-ktor/pharmaMobil-ktor/build/ios-dispositivo/iosApp.build/Debug-iphoneos/iosApp.build/Objects-normal/arm64/iosApp_const_extract_protocols.json (in target 'iosApp' from project 'iosApp')
    cd /Users/runner/work/pharmaMobil-ktor/pharmaMobil-ktor/iosApp
    write-file /Users/runner/work/pharmaMobil-ktor/pharmaMobil-ktor/build/ios-dispositivo/iosApp.build/Debug-iphoneos/iosApp.build/Objects-normal/arm64/iosApp_const_extract_protocols.json

WriteAuxiliaryFile /Users/runner/work/pharmaMobil-ktor/pharmaMobil-ktor/build/ios-dispositivo/iosApp.build/Debug-iphoneos/iosApp.build/Objects-normal/arm64/iosApp-OutputFileMap.json (in target 'iosApp' from project 'iosApp')
    cd /Users/runner/work/pharmaMobil-ktor/pharmaMobil-ktor/iosApp
    write-file /Users/runner/work/pharmaMobil-ktor/pharmaMobil-ktor/build/ios-dispositivo/iosApp.build/Debug-iphoneos/iosApp.build/Objects-normal/arm64/iosApp-OutputFileMap.json

WriteAuxiliaryFile /Users/runner/work/pharmaMobil-ktor/pharmaMobil-ktor/build/ios-dispositivo/iosApp.build/Debug-iphoneos/iosApp.build/Objects-normal/arm64/PharmaMobil.SwiftFileList (in target 'iosApp' from project 'iosApp')
    cd /Users/runner/work/pharmaMobil-ktor/pharmaMobil-ktor/iosApp
    write-file /Users/runner/work/pharmaMobil-ktor/pharmaMobil-ktor/build/ios-dispositivo/iosApp.build/Debug-iphoneos/iosApp.build/Objects-normal/arm64/PharmaMobil.SwiftFileList

WriteAuxiliaryFile /Users/runner/work/pharmaMobil-ktor/pharmaMobil-ktor/build/ios-dispositivo/iosApp.build/Debug-iphoneos/iosApp.build/Objects-normal/arm64/PharmaMobil.SwiftConstValuesFileList (in target 'iosApp' from project 'iosApp')
    cd /Users/runner/work/pharmaMobil-ktor/pharmaMobil-ktor/iosApp
    write-file /Users/runner/work/pharmaMobil-ktor/pharmaMobil-ktor/build/ios-dispositivo/iosApp.build/Debug-iphoneos/iosApp.build/Objects-normal/arm64/PharmaMobil.SwiftConstValuesFileList

WriteAuxiliaryFile /Users/runner/work/pharmaMobil-ktor/pharmaMobil-ktor/build/ios-dispositivo/iosApp.build/Debug-iphoneos/iosApp.build/Objects-normal/arm64/PharmaMobil.LinkFileList (in target 'iosApp' from project 'iosApp')
    cd /Users/runner/work/pharmaMobil-ktor/pharmaMobil-ktor/iosApp
    write-file /Users/runner/work/pharmaMobil-ktor/pharmaMobil-ktor/build/ios-dispositivo/iosApp.build/Debug-iphoneos/iosApp.build/Objects-normal/arm64/PharmaMobil.LinkFileList

MkDir /Users/runner/work/pharmaMobil-ktor/pharmaMobil-ktor/build/ios-dispositivo/Debug-iphoneos/PharmaMobil.app (in target 'iosApp' from project 'iosApp')
    cd /Users/runner/work/pharmaMobil-ktor/pharmaMobil-ktor/iosApp
    /bin/mkdir -p /Users/runner/work/pharmaMobil-ktor/pharmaMobil-ktor/build/ios-dispositivo/Debug-iphoneos/PharmaMobil.app

ValidateDevelopmentAssets /Users/runner/work/pharmaMobil-ktor/pharmaMobil-ktor/build/ios-dispositivo/iosApp.build/Debug-iphoneos/iosApp.build (in target 'iosApp' from project 'iosApp')
    cd /Users/runner/work/pharmaMobil-ktor/pharmaMobil-ktor/iosApp
    builtin-validate-development-assets --validate YES_ERROR /Users/runner/work/pharmaMobil-ktor/pharmaMobil-ktor/iosApp/iosApp/Preview\ Content

PhaseScriptExecution Compile\ Kotlin\ Framework /Users/runner/work/pharmaMobil-ktor/pharmaMobil-ktor/build/ios-dispositivo/iosApp.build/Debug-iphoneos/iosApp.build/Script-DE05F0031DB44EE7645D12E2.sh (in target 'iosApp' from project 'iosApp')
    cd /Users/runner/work/pharmaMobil-ktor/pharmaMobil-ktor/iosApp
    export ACTION\=build
    export AD_HOC_CODE_SIGNING_ALLOWED\=NO
    export AGGREGATE_TRACKED_DOMAINS\=YES
    export ALLOW_BUILD_REQUEST_OVERRIDES\=NO
    export ALLOW_TARGET_PLATFORM_SPECIALIZATION\=NO
    export ALTERNATE_GROUP\=staff
    export ALTERNATE_MODE\=u+w,go-w,a+rX
    export ALTERNATE_OWNER\=runner
    export ALTERNATIVE_DISTRIBUTION_WEB\=NO
    export ALWAYS_EMBED_SWIFT_STANDARD_LIBRARIES\=NO
    export ALWAYS_SEARCH_USER_PATHS\=NO
    export ALWAYS_USE_SEPARATE_HEADERMAPS\=NO
    export ANDROID_DEPLOYMENT_TARGET\=21.0
    export APPLICATION_EXTENSION_API_ONLY\=NO
    export APPLY_RULES_IN_COPY_FILES\=NO
    export APPLY_RULES_IN_COPY_HEADERS\=NO
    export APP_SHORTCUTS_ENABLE_FLEXIBLE_MATCHING\=YES
    export ARCHS\=arm64
    export ARCHS_BASE\=arm64
    export ARCHS_STANDARD\=arm64
    export ARCHS_STANDARD_32_64_BIT\=armv7\ arm64
    export ARCHS_STANDARD_32_BIT\=armv7
    export ARCHS_STANDARD_64_BIT\=arm64
    export ARCHS_STANDARD_INCLUDING_64_BIT\=arm64
    export ARCHS_UNIVERSAL_IPHONE_OS\=armv7\ arm64
    export ASSETCATALOG_COMPILER_APPICON_NAME\=AppIcon
    export ASSETCATALOG_COMPILER_GENERATE_SWIFT_ASSET_SYMBOL_EXTENSIONS\=YES
    export ASSETCATALOG_COMPILER_GLOBAL_ACCENT_COLOR_NAME\=AccentColor
    export AUTOMATICALLY_MERGE_DEPENDENCIES\=NO
    export AUTOMATION_APPLE_EVENTS\=NO
    export AVAILABLE_PLATFORMS\=android\ appletvos\ appletvsimulator\ driverkit\ freebsd\ iphoneos\ iphonesimulator\ linux\ macosx\ none\ openbsd\ qnx\ watchos\ watchsimulator\ webassembly\ xros\ xrsimulator
    export BUILD_ACTIVE_RESOURCES_ONLY\=NO
    export BUILD_COMPONENTS\=headers\ build
    export BUILD_DIR\=/Users/runner/work/pharmaMobil-ktor/pharmaMobil-ktor/build/ios-dispositivo
    export BUILD_LIBRARY_FOR_DISTRIBUTION\=NO
    export BUILD_ONLY_KNOWN_LOCALIZATIONS\=NO
    export BUILD_ROOT\=/Users/runner/work/pharmaMobil-ktor/pharmaMobil-ktor/build/ios-dispositivo
    export BUILD_STYLE\=
    export BUILD_VARIANTS\=normal
    export BUILT_PRODUCTS_DIR\=/Users/runner/work/pharmaMobil-ktor/pharmaMobil-ktor/build/ios-dispositivo/Debug-iphoneos
    export BUNDLE_CONTENTS_FOLDER_PATH_deep\=Contents/
    export BUNDLE_EXECUTABLE_FOLDER_NAME_deep\=MacOS
    export BUNDLE_EXTENSIONS_FOLDER_PATH\=Extensions
    export BUNDLE_FORMAT\=shallow
    export BUNDLE_FRAMEWORKS_FOLDER_PATH\=Frameworks
    export BUNDLE_PLUGINS_FOLDER_PATH\=PlugIns
    export BUNDLE_PRIVATE_HEADERS_FOLDER_PATH\=PrivateHeaders
    export BUNDLE_PUBLIC_HEADERS_FOLDER_PATH\=Headers
    export CACHE_ROOT\=/var/folders/36/tjdph2t965j8snz9_vkdnw0r0000gn/C/com.apple.DeveloperTools/26.6-17F113/Xcode
    export CCHROOT\=/var/folders/36/tjdph2t965j8snz9_vkdnw0r0000gn/C/com.apple.DeveloperTools/26.6-17F113/Xcode
    export CHMOD\=/bin/chmod
    export CHOWN\=chown
    export CLANG_ANALYZER_NONNULL\=YES
    export CLANG_ANALYZER_NUMBER_OBJECT_CONVERSION\=YES_AGGRESSIVE
    export CLANG_CACHE_FINE_GRAINED_OUTPUTS\=YES
    export CLANG_CXX_LANGUAGE_STANDARD\=gnu++20
    export CLANG_ENABLE_EXPLICIT_MODULES\=YES
    export CLANG_ENABLE_MODULES\=YES
    export CLANG_ENABLE_OBJC_ARC\=YES
    export CLANG_ENABLE_OBJC_WEAK\=YES
    export CLANG_MODULES_BUILD_SESSION_FILE\=/var/folders/36/tjdph2t965j8snz9_vkdnw0r0000gn/C/org.llvm.clang/ModuleCache.noindex/Session.modulevalidation
    export CLANG_WARN_BLOCK_CAPTURE_AUTORELEASING\=YES
    export CLANG_WARN_BOOL_CONVERSION\=YES
    export CLANG_WARN_COMMA\=YES
    export CLANG_WARN_CONSTANT_CONVERSION\=YES
    export CLANG_WARN_DEPRECATED_OBJC_IMPLEMENTATIONS\=YES
    export CLANG_WARN_DIRECT_OBJC_ISA_USAGE\=YES_ERROR
    export CLANG_WARN_DOCUMENTATION_COMMENTS\=YES
    export CLANG_WARN_EMPTY_BODY\=YES
    export CLANG_WARN_ENUM_CONVERSION\=YES
    export CLANG_WARN_INFINITE_RECURSION\=YES
    export CLANG_WARN_INT_CONVERSION\=YES
    export CLANG_WARN_NON_LITERAL_NULL_CONVERSION\=YES
    export CLANG_WARN_OBJC_IMPLICIT_RETAIN_SELF\=YES
    export CLANG_WARN_OBJC_LITERAL_CONVERSION\=YES
    export CLANG_WARN_OBJC_ROOT_CLASS\=YES_ERROR
    export CLANG_WARN_QUOTED_INCLUDE_IN_FRAMEWORK_HEADER\=YES
    export CLANG_WARN_RANGE_LOOP_ANALYSIS\=YES
    export CLANG_WARN_STRICT_PROTOTYPES\=YES
    export CLANG_WARN_SUSPICIOUS_MOVE\=YES
    export CLANG_WARN_UNGUARDED_AVAILABILITY\=YES_AGGRESSIVE
    export CLANG_WARN_UNREACHABLE_CODE\=YES
    export CLANG_WARN__DUPLICATE_METHOD_MATCH\=YES
    export CLASS_FILE_DIR\=/Users/runner/work/pharmaMobil-ktor/pharmaMobil-ktor/build/ios-dispositivo/iosApp.build/Debug-iphoneos/iosApp.build/JavaClasses
    export CLEAN_PRECOMPS\=YES
    export CLONE_HEADERS\=NO
    export CODESIGNING_FOLDER_PATH\=/Users/runner/work/pharmaMobil-ktor/pharmaMobil-ktor/build/ios-dispositivo/Debug-iphoneos/PharmaMobil.app
    export CODE_SIGNING_ALLOWED\=NO
    export CODE_SIGNING_REQUIRED\=NO
    export CODE_SIGN_CONTEXT_CLASS\=XCiPhoneOSCodeSignContext
    export CODE_SIGN_INJECT_BASE_ENTITLEMENTS\=YES
    export CODE_SIGN_STYLE\=Automatic
    export COLOR_DIAGNOSTICS\=NO
    export COMBINE_HIDPI_IMAGES\=NO
    export COMPILATION_CACHE_CAS_PATH\=/var/folders/36/tjdph2t965j8snz9_vkdnw0r0000gn/C/com.apple.DeveloperTools/26.6-17F113/Xcode/CompilationCache.noindex
    export COMPILATION_CACHE_KEEP_CAS_DIRECTORY\=YES
    export COMPILER_INDEX_STORE_ENABLE\=Default
    export COMPOSITE_SDK_DIRS\=/Users/runner/work/pharmaMobil-ktor/pharmaMobil-ktor/build/ios-dispositivo/CompositeSDKs
    export COMPRESS_PNG_FILES\=YES
    export CONFIGURATION\=Debug
    export CONFIGURATION_BUILD_DIR\=/Users/runner/work/pharmaMobil-ktor/pharmaMobil-ktor/build/ios-dispositivo/Debug-iphoneos
    export CONFIGURATION_TEMP_DIR\=/Users/runner/work/pharmaMobil-ktor/pharmaMobil-ktor/build/ios-dispositivo/iosApp.build/Debug-iphoneos
    export CONTENTS_FOLDER_PATH\=PharmaMobil.app
    export CONTENTS_FOLDER_PATH_SHALLOW_BUNDLE_NO\=PharmaMobil.app/Contents
    export CONTENTS_FOLDER_PATH_SHALLOW_BUNDLE_YES\=PharmaMobil.app
    export COPYING_PRESERVES_HFS_DATA\=NO
    export COPY_HEADERS_RUN_UNIFDEF\=NO
    export COPY_PHASE_STRIP\=NO
    export CORRESPONDING_SIMULATOR_PLATFORM_DIR\=/Applications/Xcode_26.6.app/Contents/Developer/Platforms/iPhoneSimulator.platform
    export CORRESPONDING_SIMULATOR_PLATFORM_NAME\=iphonesimulator
    export CORRESPONDING_SIMULATOR_SDK_DIR\=/Applications/Xcode_26.6.app/Contents/Developer/Platforms/iPhoneSimulator.platform/Developer/SDKs/iPhoneSimulator26.5.sdk
    export CORRESPONDING_SIMULATOR_SDK_NAME\=iphonesimulator26.5
    export CP\=/bin/cp
    export CREATE_INFOPLIST_SECTION_IN_BINARY\=NO
    export CURRENT_ARCH\=undefined_arch
    export CURRENT_PROJECT_VERSION\=1
    export CURRENT_VARIANT\=normal
    export DEAD_CODE_STRIPPING\=YES
    export DEBUGGING_SYMBOLS\=YES
    export DEBUG_INFORMATION_FORMAT\=dwarf
    export DEBUG_INFORMATION_VERSION\=compiler-default
    export DEFAULT_COMPILER\=com.apple.compilers.llvm.clang.1_0
    export DEFAULT_DEXT_INSTALL_PATH\=/System/Library/DriverExtensions
    export DEFAULT_KEXT_INSTALL_PATH\=/System/Library/Extensions
    export DEFINES_MODULE\=NO
    export DEPLOYMENT_LOCATION\=NO
    export DEPLOYMENT_POSTPROCESSING\=NO
    export DEPLOYMENT_TARGET_SETTING_NAME\=IPHONEOS_DEPLOYMENT_TARGET
    export DEPLOYMENT_TARGET_SUGGESTED_VALUES\=12.0\ 12.1\ 12.2\ 12.3\ 12.4\ 13.0\ 13.1\ 13.2\ 13.3\ 13.4\ 13.5\ 13.6\ 14.0\ 14.1\ 14.2\ 14.3\ 14.4\ 14.5\ 14.6\ 14.7\ 15.0\ 15.1\ 15.2\ 15.3\ 15.4\ 15.5\ 15.6\ 16.0\ 16.1\ 16.2\ 16.3\ 16.4\ 16.5\ 16.6\ 17.0\ 17.1\ 17.2\ 17.3\ 17.4\ 17.5\ 17.6\ 18.0\ 18.1\ 18.2\ 18.3\ 18.4\ 18.5\ 18.6\ 26.0\ 26.2\ 26.3\ 26.4\ 26.5
    export DERIVED_FILES_DIR\=/Users/runner/work/pharmaMobil-ktor/pharmaMobil-ktor/build/ios-dispositivo/iosApp.build/Debug-iphoneos/iosApp.build/DerivedSources
    export DERIVED_FILE_DIR\=/Users/runner/work/pharmaMobil-ktor/pharmaMobil-ktor/build/ios-dispositivo/iosApp.build/Debug-iphoneos/iosApp.build/DerivedSources
    export DERIVED_SOURCES_DIR\=/Users/runner/work/pharmaMobil-ktor/pharmaMobil-ktor/build/ios-dispositivo/iosApp.build/Debug-iphoneos/iosApp.build/DerivedSources
    export DERIVE_MACCATALYST_PRODUCT_BUNDLE_IDENTIFIER\=NO
    export DEVELOPER_APPLICATIONS_DIR\=/Applications/Xcode_26.6.app/Contents/Developer/Applications
    export DEVELOPER_BIN_DIR\=/Applications/Xcode_26.6.app/Contents/Developer/usr/bin
    export DEVELOPER_DIR\=/Applications/Xcode_26.6.app/Contents/Developer
    export DEVELOPER_FRAMEWORKS_DIR\=/Applications/Xcode_26.6.app/Contents/Developer/Library/Frameworks
    export DEVELOPER_FRAMEWORKS_DIR_QUOTED\=/Applications/Xcode_26.6.app/Contents/Developer/Library/Frameworks
    export DEVELOPER_LIBRARY_DIR\=/Applications/Xcode_26.6.app/Contents/Developer/Library
    export DEVELOPER_SDK_DIR\=/Applications/Xcode_26.6.app/Contents/Developer/Platforms/MacOSX.platform/Developer/SDKs
    export DEVELOPER_TOOLS_DIR\=/Applications/Xcode_26.6.app/Contents/Developer/Tools
    export DEVELOPER_USR_DIR\=/Applications/Xcode_26.6.app/Contents/Developer/usr
    export DEVELOPMENT_ASSET_PATHS\=\"iosApp/Preview\ Content\"
    export DEVELOPMENT_LANGUAGE\=en
    export DIAGNOSE_MISSING_TARGET_DEPENDENCIES\=YES
    export DIFF\=/usr/bin/diff
    export DOCUMENTATION_FOLDER_PATH\=PharmaMobil.app/en.lproj/Documentation
    export DONT_GENERATE_INFOPLIST_FILE\=NO
    export DSTROOT\=/tmp/iosApp.dst
    export DT_TOOLCHAIN_DIR\=/Applications/Xcode_26.6.app/Contents/Developer/Toolchains/XcodeDefault.xctoolchain
    export DUMP_DEPENDENCIES\=NO
    export DUMP_DEPENDENCIES_OUTPUT_PATH\=/Users/runner/work/pharmaMobil-ktor/pharmaMobil-ktor/build/ios-dispositivo/iosApp.build/Debug-iphoneos/iosApp.build/iosApp-BuildDependencyInfo.json
    export DWARF_DSYM_FILE_NAME\=PharmaMobil.app.dSYM
    export DWARF_DSYM_FILE_SHOULD_ACCOMPANY_PRODUCT\=NO
    export DWARF_DSYM_FOLDER_PATH\=/Users/runner/work/pharmaMobil-ktor/pharmaMobil-ktor/build/ios-dispositivo/Debug-iphoneos
    export DYNAMIC_LIBRARY_EXTENSION\=dylib
    export EAGER_COMPILATION_ALLOW_SCRIPTS\=NO
    export EAGER_LINKING\=NO
    export EFFECTIVE_PLATFORM_NAME\=-iphoneos
    export EFFECTIVE_SWIFT_VERSION\=5
    export EMBEDDED_CONTENT_CONTAINS_SWIFT\=NO
    export EMBEDDED_PROFILE_NAME\=embedded.mobileprovision
    export EMBED_ASSET_PACKS_IN_PRODUCT_BUNDLE\=NO
    export ENABLE_APP_SANDBOX\=NO
    export ENABLE_CODE_COVERAGE\=YES
    export ENABLE_COHORT_ARCHS\=NO
    export ENABLE_CPLUSPLUS_BOUNDS_SAFE_BUFFERS\=NO
    export ENABLE_C_BOUNDS_SAFETY\=NO
    export ENABLE_DEBUG_DYLIB\=YES
    export ENABLE_DEFAULT_HEADER_SEARCH_PATHS\=YES
    export ENABLE_DEFAULT_SEARCH_PATHS\=YES
    export ENABLE_ENHANCED_SECURITY\=NO
    export ENABLE_HARDENED_RUNTIME\=NO
    export ENABLE_HEADER_DEPENDENCIES\=YES
    export ENABLE_INCOMING_NETWORK_CONNECTIONS\=NO
    export ENABLE_ON_DEMAND_RESOURCES\=YES
    export ENABLE_OUTGOING_NETWORK_CONNECTIONS\=NO
    export ENABLE_POINTER_AUTHENTICATION\=NO
    export ENABLE_PREVIEWS\=NO
    export ENABLE_RESOURCE_ACCESS_AUDIO_INPUT\=NO
    export ENABLE_RESOURCE_ACCESS_BLUETOOTH\=NO
    export ENABLE_RESOURCE_ACCESS_CALENDARS\=NO
    export ENABLE_RESOURCE_ACCESS_CAMERA\=NO
    export ENABLE_RESOURCE_ACCESS_CONTACTS\=NO
    export ENABLE_RESOURCE_ACCESS_LOCATION\=NO
    export ENABLE_RESOURCE_ACCESS_PHOTO_LIBRARY\=NO
    export ENABLE_RESOURCE_ACCESS_PRINTING\=NO
    export ENABLE_RESOURCE_ACCESS_USB\=NO
    export ENABLE_SDK_IMPORTS\=NO
    export ENABLE_SECURITY_COMPILER_WARNINGS\=NO
    export ENABLE_STRICT_OBJC_MSGSEND\=YES
    export ENABLE_TESTABILITY\=YES
    export ENABLE_TESTING_SEARCH_PATHS\=NO
    export ENABLE_USER_SCRIPT_SANDBOXING\=NO
    export ENABLE_XOJIT_PREVIEWS\=NO
    export ENFORCE_VALID_ARCHS\=YES
    export ENTITLEMENTS_ALLOWED\=YES
    export ENTITLEMENTS_DESTINATION\=Signature
    export ENTITLEMENTS_REQUIRED\=NO
    export EXCLUDED_INSTALLSRC_SUBDIRECTORY_PATTERNS\=.DS_Store\ .svn\ .git\ .hg\ CVS
    export EXCLUDED_RECURSIVE_SEARCH_PATH_SUBDIRECTORIES\=\*.nib\ \*.lproj\ \*.framework\ \*.gch\ \*.xcode\*\ \*.xcassets\ \*.icon\ \(\*\)\ .DS_Store\ CVS\ .svn\ .git\ .hg\ \*.pbproj\ \*.pbxproj
    export EXECUTABLES_FOLDER_PATH\=PharmaMobil.app/Executables
    export EXECUTABLE_FOLDER_PATH\=PharmaMobil.app
    export EXECUTABLE_FOLDER_PATH_SHALLOW_BUNDLE_NO\=PharmaMobil.app/MacOS
    export EXECUTABLE_FOLDER_PATH_SHALLOW_BUNDLE_YES\=PharmaMobil.app
    export EXECUTABLE_NAME\=PharmaMobil
    export EXECUTABLE_PATH\=PharmaMobil.app/PharmaMobil
    export EXTENSIONS_FOLDER_PATH\=PharmaMobil.app/Extensions
    export FILE_LIST\=/Users/runner/work/pharmaMobil-ktor/pharmaMobil-ktor/build/ios-dispositivo/iosApp.build/Debug-iphoneos/iosApp.build/Objects/LinkFileList
    export FIXED_FILES_DIR\=/Users/runner/work/pharmaMobil-ktor/pharmaMobil-ktor/build/ios-dispositivo/iosApp.build/Debug-iphoneos/iosApp.build/FixedFiles
    export FRAMEWORKS_FOLDER_PATH\=PharmaMobil.app/Frameworks
    export FRAMEWORK_FLAG_PREFIX\=-framework
    export FRAMEWORK_SEARCH_PATHS\=/Users/runner/work/pharmaMobil-ktor/pharmaMobil-ktor/build/ios-dispositivo/Debug-iphoneos\ 
    export FRAMEWORK_VERSION\=A
    export FULL_PRODUCT_NAME\=PharmaMobil.app
    export FUSE_BUILD_PHASES\=YES
    export FUSE_BUILD_SCRIPT_PHASES\=NO
    export GCC3_VERSION\=3.3
    export GCC_C_LANGUAGE_STANDARD\=gnu17
    export GCC_DYNAMIC_NO_PIC\=NO
    export GCC_INLINES_ARE_PRIVATE_EXTERN\=YES
    export GCC_NO_COMMON_BLOCKS\=YES
    export GCC_OPTIMIZATION_LEVEL\=0
    export GCC_PFE_FILE_C_DIALECTS\=c\ objective-c\ c++\ objective-c++
    export GCC_PREPROCESSOR_DEFINITIONS\=DEBUG\=1\ 
    export GCC_SYMBOLS_PRIVATE_EXTERN\=NO
    export GCC_THUMB_SUPPORT\=YES
    export GCC_TREAT_WARNINGS_AS_ERRORS\=NO
    export GCC_VERSION\=com.apple.compilers.llvm.clang.1_0
    export GCC_VERSION_IDENTIFIER\=com_apple_compilers_llvm_clang_1_0
    export GCC_WARN_64_TO_32_BIT_CONVERSION\=YES
    export GCC_WARN_ABOUT_RETURN_TYPE\=YES_ERROR
    export GCC_WARN_UNDECLARED_SELECTOR\=YES
    export GCC_WARN_UNINITIALIZED_AUTOS\=YES_AGGRESSIVE
    export GCC_WARN_UNUSED_FUNCTION\=YES
    export GCC_WARN_UNUSED_VARIABLE\=YES
    export GENERATED_MODULEMAP_DIR\=/Users/runner/work/pharmaMobil-ktor/pharmaMobil-ktor/build/ios-dispositivo/GeneratedModuleMaps-iphoneos
    export GENERATE_INFOPLIST_FILE\=YES
    export GENERATE_INTERMEDIATE_TEXT_BASED_STUBS\=YES
    export GENERATE_PKGINFO_FILE\=YES
    export GENERATE_PRELINK_OBJECT_FILE\=NO
    export GENERATE_PROFILING_CODE\=NO
    export GENERATE_TEXT_BASED_STUBS\=NO
    export GID\=20
    export GROUP\=staff
    export HEADERMAP_INCLUDES_FLAT_ENTRIES_FOR_TARGET_BEING_BUILT\=YES
    export HEADERMAP_INCLUDES_FRAMEWORK_ENTRIES_FOR_ALL_PRODUCT_TYPES\=YES
    export HEADERMAP_INCLUDES_FRAMEWORK_ENTRIES_FOR_TARGETS_NOT_BEING_BUILT\=YES
    export HEADERMAP_INCLUDES_NONPUBLIC_NONPRIVATE_HEADERS\=YES
    export HEADERMAP_INCLUDES_PROJECT_HEADERS\=YES
    export HEADERMAP_USES_FRAMEWORK_PREFIX_ENTRIES\=YES
    export HEADERMAP_USES_VFS\=NO
    export HEADER_SEARCH_PATHS\=/Users/runner/work/pharmaMobil-ktor/pharmaMobil-ktor/build/ios-dispositivo/Debug-iphoneos/include\ 
    export HOME\=/Users/runner
    export HOST_ARCH\=arm64
    export HOST_PLATFORM\=macosx
    export ICONV\=/usr/bin/iconv
    export IMPLICIT_DEPENDENCY_DOMAIN\=default
    export INDEX_STORE_COMPRESS\=NO
    export INDEX_STORE_ONLY_PROJECT_FILES\=NO
    export INFOPLIST_ENABLE_CFBUNDLEICONS_MERGE\=YES
    export INFOPLIST_EXPAND_BUILD_SETTINGS\=YES
    export INFOPLIST_FILE\=iosApp/Info.plist
    export INFOPLIST_KEY_UIApplicationSceneManifest_Generation\=YES
    export INFOPLIST_KEY_UIApplicationSupportsIndirectInputEvents\=YES
    export INFOPLIST_KEY_UILaunchScreen_Generation\=YES
    export INFOPLIST_KEY_UISupportedInterfaceOrientations_iPad\=UIInterfaceOrientationPortrait\ UIInterfaceOrientationPortraitUpsideDown\ UIInterfaceOrientationLandscapeLeft\ UIInterfaceOrientationLandscapeRight
    export INFOPLIST_KEY_UISupportedInterfaceOrientations_iPhone\=UIInterfaceOrientationPortrait\ UIInterfaceOrientationLandscapeLeft\ UIInterfaceOrientationLandscapeRight
    export INFOPLIST_OUTPUT_FORMAT\=binary
    export INFOPLIST_PATH\=PharmaMobil.app/Info.plist
    export INFOPLIST_PREPROCESS\=NO
    export INFOSTRINGS_PATH\=PharmaMobil.app/en.lproj/InfoPlist.strings
    export INLINE_PRIVATE_FRAMEWORKS\=NO
    export INSTALLAPI_IGNORE_SKIP_INSTALL\=YES
    export INSTALLHDRS_COPY_PHASE\=NO
    export INSTALLHDRS_SCRIPT_PHASE\=NO
    export INSTALL_DIR\=/tmp/iosApp.dst/Applications
    export INSTALL_GROUP\=staff
    export INSTALL_MODE_FLAG\=u+w,go-w,a+rX
    export INSTALL_OWNER\=runner
    export INSTALL_PATH\=/Applications
    export INSTALL_ROOT\=/tmp/iosApp.dst
    export IPHONEOS_DEPLOYMENT_TARGET\=18.2
    export IS_UNOPTIMIZED_BUILD\=YES
    export JAVAC_DEFAULT_FLAGS\=-J-Xms64m\ -J-XX:NewSize\=4M\ -J-Dfile.encoding\=UTF8
    export JAVA_APP_STUB\=/System/Library/Frameworks/JavaVM.framework/Resources/MacOS/JavaApplicationStub
    export JAVA_ARCHIVE_CLASSES\=YES
    export JAVA_ARCHIVE_TYPE\=JAR
    export JAVA_COMPILER\=/usr/bin/javac
    export JAVA_FOLDER_PATH\=PharmaMobil.app/Java
    export JAVA_FRAMEWORK_RESOURCES_DIRS\=Resources
    export JAVA_JAR_FLAGS\=cv
    export JAVA_SOURCE_SUBDIR\=.
    export JAVA_USE_DEPENDENCIES\=YES
    export JAVA_ZIP_FLAGS\=-urg
    export JIKES_DEFAULT_FLAGS\=+E\ +OLDCSO
    export KASAN_CFLAGS_CLASSIC\=-DKASAN\=1\ -DKASAN_CLASSIC\=1\ -fsanitize\=address\ -mllvm\ -asan-globals-live-support\ -mllvm\ -asan-force-dynamic-shadow
    export KASAN_CFLAGS_TBI\=-DKASAN\=1\ -DKASAN_TBI\=1\ -fsanitize\=kernel-hwaddress\ -mllvm\ -hwasan-recover\=0\ -mllvm\ -hwasan-instrument-atomics\=0\ -mllvm\ -hwasan-instrument-stack\=1\ -mllvm\ -hwasan-generate-tags-with-calls\=1\ -mllvm\ -hwasan-instrument-with-calls\=1\ -mllvm\ -hwasan-use-short-granules\=0\ -mllvm\ -hwasan-memory-access-callback-prefix\=__asan_
    export KASAN_DEFAULT_CFLAGS\=-DKASAN\=1\ -DKASAN_CLASSIC\=1\ -fsanitize\=address\ -mllvm\ -asan-globals-live-support\ -mllvm\ -asan-force-dynamic-shadow
    export KEEP_PRIVATE_EXTERNS\=NO
    export LD_DEPENDENCY_INFO_FILE\=/Users/runner/work/pharmaMobil-ktor/pharmaMobil-ktor/build/ios-dispositivo/iosApp.build/Debug-iphoneos/iosApp.build/Objects-normal/undefined_arch/PharmaMobil_dependency_info.dat
    export LD_EXPORT_SYMBOLS\=YES
    export LD_GENERATE_MAP_FILE\=NO
    export LD_MAP_FILE_PATH\=/Users/runner/work/pharmaMobil-ktor/pharmaMobil-ktor/build/ios-dispositivo/iosApp.build/Debug-iphoneos/iosApp.build/PharmaMobil-LinkMap-normal-undefined_arch.txt
    export LD_NO_PIE\=NO
    export LD_QUOTE_LINKER_ARGUMENTS_FOR_COMPILER_DRIVER\=YES
    export LD_RUNPATH_SEARCH_PATHS\=\ @executable_path/Frameworks
    export LD_RUNPATH_SEARCH_PATHS_YES\=@loader_path/../Frameworks
    export LD_SHARED_CACHE_ELIGIBLE\=Automatic
    export LD_WARN_DUPLICATE_LIBRARIES\=NO
    export LD_WARN_UNUSED_DYLIBS\=NO
    export LEGACY_DEVELOPER_DIR\=/Applications/Xcode_26.6.app/Contents/PlugIns/Xcode3Core.ideplugin/Contents/SharedSupport/Developer
    export LEX\=lex
    export LIBRARY_DEXT_INSTALL_PATH\=/Library/DriverExtensions
    export LIBRARY_FLAG_NOSPACE\=YES
    export LIBRARY_FLAG_PREFIX\=-l
    export LIBRARY_KEXT_INSTALL_PATH\=/Library/Extensions
    export LIBRARY_SEARCH_PATHS\=/Users/runner/work/pharmaMobil-ktor/pharmaMobil-ktor/build/ios-dispositivo/Debug-iphoneos\ 
    export LINKER_DISPLAYS_MANGLED_NAMES\=NO
    export LINK_FILE_LIST_normal_arm64\=/Users/runner/work/pharmaMobil-ktor/pharmaMobil-ktor/build/ios-dispositivo/iosApp.build/Debug-iphoneos/iosApp.build/Objects-normal/arm64/PharmaMobil.LinkFileList
    export LINK_OBJC_RUNTIME\=YES
    export LINK_WITH_STANDARD_LIBRARIES\=YES
    export LLVM_TARGET_TRIPLE_OS_VERSION\=ios18.2
    export LLVM_TARGET_TRIPLE_VENDOR\=apple
    export LM_AUX_CONST_METADATA_LIST_PATH_normal_arm64\=/Users/runner/work/pharmaMobil-ktor/pharmaMobil-ktor/build/ios-dispositivo/iosApp.build/Debug-iphoneos/iosApp.build/Objects-normal/arm64/PharmaMobil.SwiftConstValuesFileList
    export LOCALIZATION_EXPORT_SUPPORTED\=YES
    export LOCALIZATION_PREFERS_STRING_CATALOGS\=YES
    export LOCALIZED_RESOURCES_FOLDER_PATH\=PharmaMobil.app/en.lproj
    export LOCALIZED_STRING_CODE_COMMENTS\=NO
    export LOCALIZED_STRING_MACRO_NAMES\=NSLocalizedString\ CFCopyLocalizedString
    export LOCALIZED_STRING_SWIFTUI_SUPPORT\=YES
    export LOCAL_ADMIN_APPS_DIR\=/Applications/Utilities
    export LOCAL_APPS_DIR\=/Applications
    export LOCAL_DEVELOPER_DIR\=/Library/Developer
    export LOCAL_LIBRARY_DIR\=/Library
    export LOCROOT\=/Users/runner/work/pharmaMobil-ktor/pharmaMobil-ktor/iosApp
    export LOCSYMROOT\=/Users/runner/work/pharmaMobil-ktor/pharmaMobil-ktor/iosApp
    export MACH_O_TYPE\=mh_execute
    export MAC_OS_X_PRODUCT_BUILD_VERSION\=25G83
    export MAC_OS_X_VERSION_ACTUAL\=260602
    export MAC_OS_X_VERSION_MAJOR\=260000
    export MAC_OS_X_VERSION_MINOR\=260600
    export MAKE_MERGEABLE\=NO
    export MARKETING_VERSION\=1.0
    export MERGEABLE_LIBRARY\=NO
    export MERGED_BINARY_TYPE\=none
    export MERGE_LINKED_LIBRARIES\=NO
    export METAL_LIBRARY_FILE_BASE\=default
    export METAL_LIBRARY_OUTPUT_DIR\=/Users/runner/work/pharmaMobil-ktor/pharmaMobil-ktor/build/ios-dispositivo/Debug-iphoneos/PharmaMobil.app
    export MODULES_FOLDER_PATH\=PharmaMobil.app/Modules
    export MTL_ENABLE_DEBUG_INFO\=INCLUDE_SOURCE
    export MTL_FAST_MATH\=YES
    export NATIVE_ARCH\=arm64
    export NATIVE_ARCH_32_BIT\=arm
    export NATIVE_ARCH_64_BIT\=arm64
    export NATIVE_ARCH_ACTUAL\=arm64
    export NO_COMMON\=YES
    export OBJECT_FILE_DIR\=/Users/runner/work/pharmaMobil-ktor/pharmaMobil-ktor/build/ios-dispositivo/iosApp.build/Debug-iphoneos/iosApp.build/Objects
    export OBJECT_FILE_DIR_normal\=/Users/runner/work/pharmaMobil-ktor/pharmaMobil-ktor/build/ios-dispositivo/iosApp.build/Debug-iphoneos/iosApp.build/Objects-normal
    export OBJROOT\=/Users/runner/work/pharmaMobil-ktor/pharmaMobil-ktor/build/ios-dispositivo
    export ONLY_ACTIVE_ARCH\=YES
    export OS\=MACOS
    export OSAC\=/usr/bin/osacompile
    export PACKAGE_TYPE\=com.apple.package-type.wrapper.application
    export PASCAL_STRINGS\=YES
    export PATH\=/Applications/Xcode_26.6.app/Contents/SharedFrameworks/SwiftBuild.framework/Versions/A/PlugIns/SWBBuildService.bundle/Contents/PlugIns/SWBUniversalPlatformPlugin.bundle/Contents/Frameworks/SWBUniversalPlatform.framework/Resources:/var/run/com.apple.security.cryptexd/mnt/com.apple.MobileAsset.MetalToolchain-v17.6.109.0.M0b8Ts/Metal.xctoolchain/usr/bin:/var/run/com.apple.security.cryptexd/mnt/com.apple.MobileAsset.MetalToolchain-v17.6.109.0.M0b8Ts/Metal.xctoolchain/usr/local/bin:/var/run/com.apple.security.cryptexd/mnt/com.apple.MobileAsset.MetalToolchain-v17.6.109.0.M0b8Ts/Metal.xctoolchain/usr/libexec:/Applications/Xcode_26.6.app/Contents/Developer/Toolchains/XcodeDefault.xctoolchain/usr/bin:/Applications/Xcode_26.6.app/Contents/Developer/Toolchains/XcodeDefault.xctoolchain/usr/local/bin:/Applications/Xcode_26.6.app/Contents/Developer/Toolchains/XcodeDefault.xctoolchain/usr/libexec:/Applications/Xcode_26.6.app/Contents/Developer/Platforms/iPhoneOS.platform/usr/bin:/Applications/Xcode_26.6.app/Contents/Developer/Platforms/iPhoneOS.platform/usr/local/bin:/Applications/Xcode_26.6.app/Contents/Developer/Platforms/iPhoneOS.platform/Developer/usr/bin:/Applications/Xcode_26.6.app/Contents/Developer/Platforms/iPhoneOS.platform/Developer/usr/local/bin:/Applications/Xcode_26.6.app/Contents/Developer/usr/bin:/Applications/Xcode_26.6.app/Contents/Developer/usr/local/bin:/Users/runner/hostedtoolcache/Java_Temurin-Hotspot_jdk/21.0.12-101.0/arm64/Contents/Home/bin:/opt/homebrew/lib/ruby/gems/3.4.0/bin:/opt/homebrew/opt/ruby@3.4/bin:/Users/runner/.local/bin:/opt/homebrew/bin:/opt/homebrew/sbin:/Users/runner/.cargo/bin:/usr/local/opt/curl/bin:/usr/local/bin:/usr/local/sbin:/Users/runner/bin:/Users/runner/.yarn/bin:/Users/runner/Library/Android/sdk/tools:/Users/runner/Library/Android/sdk/platform-tools:/Library/Frameworks/Python.framework/Versions/Current/bin:/Library/Frameworks/Mono.framework/Versions/Current/Commands:/usr/bin:/bin:/usr/sbin:/sbin:/Users/runner/.dotnet/tools
    export PATH_PREFIXES_EXCLUDED_FROM_HEADER_DEPENDENCIES\=/usr/include\ /usr/local/include\ /System/Library/Frameworks\ /System/Library/PrivateFrameworks\ /Applications/Xcode_26.6.app/Contents/Developer/Headers\ /Applications/Xcode_26.6.app/Contents/Developer/SDKs\ /Applications/Xcode_26.6.app/Contents/Developer/Platforms
    export PBDEVELOPMENTPLIST_PATH\=PharmaMobil.app/pbdevelopment.plist
    export PER_ARCH_MODULE_FILE_DIR\=/Users/runner/work/pharmaMobil-ktor/pharmaMobil-ktor/build/ios-dispositivo/iosApp.build/Debug-iphoneos/iosApp.build/Objects-normal/undefined_arch
    export PER_ARCH_OBJECT_FILE_DIR\=/Users/runner/work/pharmaMobil-ktor/pharmaMobil-ktor/build/ios-dispositivo/iosApp.build/Debug-iphoneos/iosApp.build/Objects-normal/undefined_arch
    export PER_VARIANT_OBJECT_FILE_DIR\=/Users/runner/work/pharmaMobil-ktor/pharmaMobil-ktor/build/ios-dispositivo/iosApp.build/Debug-iphoneos/iosApp.build/Objects-normal
    export PHARMASOFT_URL\=http://10.40.25.34:8080/api/v1/
    export PKGINFO_FILE_PATH\=/Users/runner/work/pharmaMobil-ktor/pharmaMobil-ktor/build/ios-dispositivo/iosApp.build/Debug-iphoneos/iosApp.build/PkgInfo
    export PKGINFO_PATH\=PharmaMobil.app/PkgInfo
    export PLATFORM_DEVELOPER_APPLICATIONS_DIR\=/Applications/Xcode_26.6.app/Contents/Developer/Platforms/iPhoneOS.platform/Developer/Applications
    export PLATFORM_DEVELOPER_BIN_DIR\=/Applications/Xcode_26.6.app/Contents/Developer/Platforms/iPhoneOS.platform/Developer/usr/bin
    export PLATFORM_DEVELOPER_LIBRARY_DIR\=/Applications/Xcode_26.6.app/Contents/Developer/Platforms/iPhoneOS.platform/Developer/Library
    export PLATFORM_DEVELOPER_SDK_DIR\=/Applications/Xcode_26.6.app/Contents/Developer/Platforms/iPhoneOS.platform/Developer/SDKs
    export PLATFORM_DEVELOPER_TOOLS_DIR\=/Applications/Xcode_26.6.app/Contents/Developer/Platforms/iPhoneOS.platform/Developer/Tools
    export PLATFORM_DEVELOPER_USR_DIR\=/Applications/Xcode_26.6.app/Contents/Developer/Platforms/iPhoneOS.platform/Developer/usr
    export PLATFORM_DIR\=/Applications/Xcode_26.6.app/Contents/Developer/Platforms/iPhoneOS.platform
    export PLATFORM_DISPLAY_NAME\=iOS
    export PLATFORM_FAMILY_NAME\=iOS
    export PLATFORM_NAME\=iphoneos
    export PLATFORM_PREFERRED_ARCH\=arm64
    export PLATFORM_PRODUCT_BUILD_VERSION\=23F81a
    export PLATFORM_REQUIRES_SWIFT_AUTOLINK_EXTRACT\=NO
    export PLATFORM_REQUIRES_SWIFT_MODULEWRAP\=NO
    export PLATFORM_USES_DSYMS\=YES
    export PLIST_FILE_OUTPUT_FORMAT\=binary
    export PLUGINS_FOLDER_PATH\=PharmaMobil.app/PlugIns
    export PRECOMPS_INCLUDE_HEADERS_FROM_BUILT_PRODUCTS_DIR\=YES
    export PRECOMP_DESTINATION_DIR\=/Users/runner/work/pharmaMobil-ktor/pharmaMobil-ktor/build/ios-dispositivo/iosApp.build/Debug-iphoneos/iosApp.build/PrefixHeaders
    export PRIVATE_HEADERS_FOLDER_PATH\=PharmaMobil.app/PrivateHeaders
    export PROCESSED_INFOPLIST_PATH\=/Users/runner/work/pharmaMobil-ktor/pharmaMobil-ktor/build/ios-dispositivo/iosApp.build/Debug-iphoneos/iosApp.build/Objects-normal/undefined_arch/Processed-Info.plist
    export PRODUCT_BUNDLE_IDENTIFIER\=pe.edu.upeu.pharmamobil.PharmaMobil
    export PRODUCT_BUNDLE_PACKAGE_TYPE\=APPL
    export PRODUCT_MODULE_NAME\=PharmaMobil
    export PRODUCT_NAME\=PharmaMobil
    export PRODUCT_SETTINGS_PATH\=/Users/runner/work/pharmaMobil-ktor/pharmaMobil-ktor/iosApp/iosApp/Info.plist
    export PRODUCT_TYPE\=com.apple.product-type.application
    export PROFILING_CODE\=NO
    export PROJECT\=iosApp
    export PROJECT_DERIVED_FILE_DIR\=/Users/runner/work/pharmaMobil-ktor/pharmaMobil-ktor/build/ios-dispositivo/iosApp.build/DerivedSources
    export PROJECT_DIR\=/Users/runner/work/pharmaMobil-ktor/pharmaMobil-ktor/iosApp
    export PROJECT_FILE_PATH\=/Users/runner/work/pharmaMobil-ktor/pharmaMobil-ktor/iosApp/iosApp.xcodeproj
    export PROJECT_GUID\=7b79493a8b7fc1f2fff3c51cd12ba024
    export PROJECT_NAME\=iosApp
    export PROJECT_TEMP_DIR\=/Users/runner/work/pharmaMobil-ktor/pharmaMobil-ktor/build/ios-dispositivo/iosApp.build
    export PROJECT_TEMP_ROOT\=/Users/runner/work/pharmaMobil-ktor/pharmaMobil-ktor/build/ios-dispositivo
    export PROVISIONING_PROFILE_REQUIRED\=YES
    export PROVISIONING_PROFILE_REQUIRED_YES_YES\=YES
    export PROVISIONING_PROFILE_SUPPORTED\=YES
    export PUBLIC_HEADERS_FOLDER_PATH\=PharmaMobil.app/Headers
    export RECOMMENDED_IPHONEOS_DEPLOYMENT_TARGET\=15.0
    export RECURSIVE_SEARCH_PATHS_FOLLOW_SYMLINKS\=YES
    export REMOVE_CVS_FROM_RESOURCES\=YES
    export REMOVE_GIT_FROM_RESOURCES\=YES
    export REMOVE_HEADERS_FROM_EMBEDDED_BUNDLES\=YES
    export REMOVE_HG_FROM_RESOURCES\=YES
    export REMOVE_STATIC_EXECUTABLES_FROM_EMBEDDED_BUNDLES\=YES
    export REMOVE_SVN_FROM_RESOURCES\=YES
    export RESCHEDULE_INDEPENDENT_HEADERS_PHASES\=YES
    export REZ_COLLECTOR_DIR\=/Users/runner/work/pharmaMobil-ktor/pharmaMobil-ktor/build/ios-dispositivo/iosApp.build/Debug-iphoneos/iosApp.build/ResourceManagerResources
    export REZ_OBJECTS_DIR\=/Users/runner/work/pharmaMobil-ktor/pharmaMobil-ktor/build/ios-dispositivo/iosApp.build/Debug-iphoneos/iosApp.build/ResourceManagerResources/Objects
    export REZ_SEARCH_PATHS\=/Users/runner/work/pharmaMobil-ktor/pharmaMobil-ktor/build/ios-dispositivo/Debug-iphoneos\ 
    export RPATH_ORIGIN\=@loader_path
    export RUNTIME_EXCEPTION_ALLOW_DYLD_ENVIRONMENT_VARIABLES\=NO
    export RUNTIME_EXCEPTION_ALLOW_JIT\=NO
    export RUNTIME_EXCEPTION_ALLOW_UNSIGNED_EXECUTABLE_MEMORY\=NO
    export RUNTIME_EXCEPTION_DEBUGGING_TOOL\=NO
    export RUNTIME_EXCEPTION_DISABLE_EXECUTABLE_PAGE_PROTECTION\=NO
    export RUNTIME_EXCEPTION_DISABLE_LIBRARY_VALIDATION\=NO
    export SCANNING_PCM_KEEP_CACHE_DIRECTORY\=YES
    export SCAN_ALL_SOURCE_FILES_FOR_INCLUDES\=NO
    export SCRIPTS_FOLDER_PATH\=PharmaMobil.app/Scripts
    export SCRIPT_INPUT_FILE_COUNT\=0
    export SCRIPT_INPUT_FILE_LIST_COUNT\=0
    export SCRIPT_OUTPUT_FILE_COUNT\=0
    export SCRIPT_OUTPUT_FILE_LIST_COUNT\=0
    export SDKROOT\=/Applications/Xcode_26.6.app/Contents/Developer/Platforms/iPhoneOS.platform/Developer/SDKs/iPhoneOS26.5.sdk
    export SDK_DIR\=/Applications/Xcode_26.6.app/Contents/Developer/Platforms/iPhoneOS.platform/Developer/SDKs/iPhoneOS26.5.sdk
    export SDK_DIR_iphoneos\=/Applications/Xcode_26.6.app/Contents/Developer/Platforms/iPhoneOS.platform/Developer/SDKs/iPhoneOS26.5.sdk
    export SDK_DIR_iphoneos26_5\=/Applications/Xcode_26.6.app/Contents/Developer/Platforms/iPhoneOS.platform/Developer/SDKs/iPhoneOS26.5.sdk
    export SDK_NAME\=iphoneos26.5
    export SDK_NAMES\=iphoneos26.5
    export SDK_PRODUCT_BUILD_VERSION\=23F81a
    export SDK_STAT_CACHE_DIR\=/var/folders/36/tjdph2t965j8snz9_vkdnw0r0000gn/C/com.apple.DeveloperTools/26.6-17F113/Xcode
    export SDK_STAT_CACHE_ENABLE\=YES
    export SDK_STAT_CACHE_PATH\=/var/folders/36/tjdph2t965j8snz9_vkdnw0r0000gn/C/com.apple.DeveloperTools/26.6-17F113/Xcode/SDKStatCaches.noindex/iphoneos26.5-23F81a-688ef53f1462e2c8f657fdc38a81448fee66e23052a0157c865c76b268046726.sdkstatcache
    export SDK_VERSION\=26.5
    export SDK_VERSION_ACTUAL\=260500
    export SDK_VERSION_MAJOR\=260000
    export SDK_VERSION_MINOR\=260500
    export SED\=/usr/bin/sed
    export SEPARATE_STRIP\=NO
    export SEPARATE_SYMBOL_EDIT\=NO
    export SET_DIR_MODE_OWNER_GROUP\=YES
    export SET_FILE_MODE_OWNER_GROUP\=NO
    export SHALLOW_BUNDLE\=YES
    export SHALLOW_BUNDLE_TRIPLE\=ios
    export SHALLOW_BUNDLE_ios_macabi\=NO
    export SHALLOW_BUNDLE_macos\=NO
    export SHARED_DERIVED_FILE_DIR\=/Users/runner/work/pharmaMobil-ktor/pharmaMobil-ktor/build/ios-dispositivo/Debug-iphoneos/DerivedSources
    export SHARED_FRAMEWORKS_FOLDER_PATH\=PharmaMobil.app/SharedFrameworks
    export SHARED_PRECOMPS_DIR\=/Users/runner/work/pharmaMobil-ktor/pharmaMobil-ktor/build/ios-dispositivo/SharedPrecompiledHeaders
    export SHARED_SUPPORT_FOLDER_PATH\=PharmaMobil.app/SharedSupport
    export SKIP_INSTALL\=NO
    export SKIP_MERGEABLE_LIBRARY_BUNDLE_HOOK\=NO
    export SOURCE_ROOT\=/Users/runner/work/pharmaMobil-ktor/pharmaMobil-ktor/iosApp
    export SRCROOT\=/Users/runner/work/pharmaMobil-ktor/pharmaMobil-ktor/iosApp
    export STRINGSDATA_DIR\=/Users/runner/work/pharmaMobil-ktor/pharmaMobil-ktor/build/ios-dispositivo/iosApp.build/Debug-iphoneos/iosApp.build/Objects-normal/undefined_arch
    export STRINGSDATA_ROOT\=/Users/runner/work/pharmaMobil-ktor/pharmaMobil-ktor/build/ios-dispositivo/iosApp.build/Debug-iphoneos/iosApp.build
    export STRINGS_FILE_INFOPLIST_RENAME\=YES
    export STRINGS_FILE_OUTPUT_ENCODING\=binary
    export STRING_CATALOG_GENERATE_SYMBOLS\=NO
    export STRIP_BITCODE_FROM_COPIED_FILES\=YES
    export STRIP_INSTALLED_PRODUCT\=NO
    export STRIP_STYLE\=all
    export STRIP_SWIFT_SYMBOLS\=YES
    export SUPPORTED_DEVICE_FAMILIES\=1,2
    export SUPPORTED_PLATFORMS\=iphoneos\ iphonesimulator
    export SUPPORTS_MACCATALYST\=NO
    export SUPPORTS_MAC_DESIGNED_FOR_IPHONE_IPAD\=YES
    export SUPPORTS_ON_DEMAND_RESOURCES\=YES
    export SUPPORTS_TEXT_BASED_API\=NO
    export SUPPORTS_XR_DESIGNED_FOR_IPHONE_IPAD\=YES
    export SUPPRESS_WARNINGS\=NO
    export SWIFT_ACTIVE_COMPILATION_CONDITIONS\=DEBUG\ 
    export SWIFT_EMIT_CONST_VALUE_PROTOCOLS\=AnyResolverProviding\ AppEntity\ AppEnum\ AppExtension\ AppIntent\ AppIntentsPackage\ AppShortcutProviding\ AppShortcutsProvider\ DynamicOptionsProvider\ EntityQuery\ ExtensionPointDefining\ IntentValueQuery\ Resolver\ TransientEntity\ _AssistantIntentsProvider\ _GenerativeFunctionExtractable\ _IntentValueRepresentable
    export SWIFT_EMIT_LOC_STRINGS\=YES
    export SWIFT_ENABLE_EXPLICIT_MODULES\=YES
    export SWIFT_OPTIMIZATION_LEVEL\=-Onone
    export SWIFT_PLATFORM_TARGET_PREFIX\=ios
    export SWIFT_RESPONSE_FILE_PATH_normal_arm64\=/Users/runner/work/pharmaMobil-ktor/pharmaMobil-ktor/build/ios-dispositivo/iosApp.build/Debug-iphoneos/iosApp.build/Objects-normal/arm64/PharmaMobil.SwiftFileList
    export SWIFT_VERSION\=5.0
    export SYMROOT\=/Users/runner/work/pharmaMobil-ktor/pharmaMobil-ktor/build/ios-dispositivo
    export SYSTEM_ADMIN_APPS_DIR\=/Applications/Utilities
    export SYSTEM_APPS_DIR\=/Applications
    export SYSTEM_CORE_SERVICES_DIR\=/System/Library/CoreServices
    export SYSTEM_DEMOS_DIR\=/Applications/Extras
    export SYSTEM_DEVELOPER_APPS_DIR\=/Applications/Xcode_26.6.app/Contents/Developer/Applications
    export SYSTEM_DEVELOPER_BIN_DIR\=/Applications/Xcode_26.6.app/Contents/Developer/usr/bin
    export SYSTEM_DEVELOPER_DEMOS_DIR\=/Applications/Xcode_26.6.app/Contents/Developer/Applications/Utilities/Built\ Examples
    export SYSTEM_DEVELOPER_DIR\=/Applications/Xcode_26.6.app/Contents/Developer
    export SYSTEM_DEVELOPER_DOC_DIR\=/Applications/Xcode_26.6.app/Contents/Developer/ADC\ Reference\ Library
    export SYSTEM_DEVELOPER_GRAPHICS_TOOLS_DIR\=/Applications/Xcode_26.6.app/Contents/Developer/Applications/Graphics\ Tools
    export SYSTEM_DEVELOPER_JAVA_TOOLS_DIR\=/Applications/Xcode_26.6.app/Contents/Developer/Applications/Java\ Tools
    export SYSTEM_DEVELOPER_PERFORMANCE_TOOLS_DIR\=/Applications/Xcode_26.6.app/Contents/Developer/Applications/Performance\ Tools
    export SYSTEM_DEVELOPER_RELEASENOTES_DIR\=/Applications/Xcode_26.6.app/Contents/Developer/ADC\ Reference\ Library/releasenotes
    export SYSTEM_DEVELOPER_TOOLS\=/Applications/Xcode_26.6.app/Contents/Developer/Tools
    export SYSTEM_DEVELOPER_TOOLS_DOC_DIR\=/Applications/Xcode_26.6.app/Contents/Developer/ADC\ Reference\ Library/documentation/DeveloperTools
    export SYSTEM_DEVELOPER_TOOLS_RELEASENOTES_DIR\=/Applications/Xcode_26.6.app/Contents/Developer/ADC\ Reference\ Library/releasenotes/DeveloperTools
    export SYSTEM_DEVELOPER_USR_DIR\=/Applications/Xcode_26.6.app/Contents/Developer/usr
    export SYSTEM_DEVELOPER_UTILITIES_DIR\=/Applications/Xcode_26.6.app/Contents/Developer/Applications/Utilities
    export SYSTEM_DEXT_INSTALL_PATH\=/System/Library/DriverExtensions
    export SYSTEM_DOCUMENTATION_DIR\=/Library/Documentation
    export SYSTEM_EXTENSIONS_FOLDER_PATH\=PharmaMobil.app/SystemExtensions
    export SYSTEM_EXTENSIONS_FOLDER_PATH_SHALLOW_BUNDLE_NO\=PharmaMobil.app/Library/SystemExtensions
    export SYSTEM_EXTENSIONS_FOLDER_PATH_SHALLOW_BUNDLE_YES\=PharmaMobil.app/SystemExtensions
    export SYSTEM_KEXT_INSTALL_PATH\=/System/Library/Extensions
    export SYSTEM_LIBRARY_DIR\=/System/Library
    export TAPI_DEMANGLE\=YES
    export TAPI_ENABLE_PROJECT_HEADERS\=NO
    export TAPI_LANGUAGE\=objective-c
    export TAPI_LANGUAGE_STANDARD\=compiler-default
    export TAPI_USE_SRCROOT\=YES
    export TAPI_VERIFY_MODE\=Pedantic
    export TARGETED_DEVICE_FAMILY\=1,2
    export TARGETNAME\=iosApp
    export TARGET_BUILD_DIR\=/Users/runner/work/pharmaMobil-ktor/pharmaMobil-ktor/build/ios-dispositivo/Debug-iphoneos
    export TARGET_NAME\=iosApp
    export TARGET_TEMP_DIR\=/Users/runner/work/pharmaMobil-ktor/pharmaMobil-ktor/build/ios-dispositivo/iosApp.build/Debug-iphoneos/iosApp.build
    export TEMP_DIR\=/Users/runner/work/pharmaMobil-ktor/pharmaMobil-ktor/build/ios-dispositivo/iosApp.build/Debug-iphoneos/iosApp.build
    export TEMP_FILES_DIR\=/Users/runner/work/pharmaMobil-ktor/pharmaMobil-ktor/build/ios-dispositivo/iosApp.build/Debug-iphoneos/iosApp.build
    export TEMP_FILE_DIR\=/Users/runner/work/pharmaMobil-ktor/pharmaMobil-ktor/build/ios-dispositivo/iosApp.build/Debug-iphoneos/iosApp.build
    export TEMP_ROOT\=/Users/runner/work/pharmaMobil-ktor/pharmaMobil-ktor/build/ios-dispositivo
    export TEMP_SANDBOX_DIR\=/Users/runner/work/pharmaMobil-ktor/pharmaMobil-ktor/build/ios-dispositivo/TemporaryTaskSandboxes
    export TEST_FRAMEWORK_SEARCH_PATHS\=\ /Applications/Xcode_26.6.app/Contents/Developer/Platforms/iPhoneOS.platform/Developer/Library/Frameworks\ /Applications/Xcode_26.6.app/Contents/Developer/Platforms/iPhoneOS.platform/Developer/SDKs/iPhoneOS26.5.sdk/Developer/Library/Frameworks
    export TEST_LIBRARY_SEARCH_PATHS\=\ /Applications/Xcode_26.6.app/Contents/Developer/Platforms/iPhoneOS.platform/Developer/usr/lib
    export TOOLCHAINS\=com.apple.dt.toolchain.Metal.32023.883\ com.apple.dt.toolchain.XcodeDefault
    export TOOLCHAIN_DIR\=/var/run/com.apple.security.cryptexd/mnt/com.apple.MobileAsset.MetalToolchain-v17.6.109.0.M0b8Ts/Metal.xctoolchain
    export TOOLCHAIN_VERSION\=32023.883
    export TREAT_MISSING_BASELINES_AS_TEST_FAILURES\=NO
    export TREAT_MISSING_SCRIPT_PHASE_OUTPUTS_AS_ERRORS\=NO
    export UID\=501
    export UNINSTALLED_PRODUCTS_DIR\=/Users/runner/work/pharmaMobil-ktor/pharmaMobil-ktor/build/ios-dispositivo/UninstalledProducts
    export UNLOCALIZED_RESOURCES_FOLDER_PATH\=PharmaMobil.app
    export UNLOCALIZED_RESOURCES_FOLDER_PATH_SHALLOW_BUNDLE_NO\=PharmaMobil.app/Resources
    export UNLOCALIZED_RESOURCES_FOLDER_PATH_SHALLOW_BUNDLE_YES\=PharmaMobil.app
    export UNSTRIPPED_PRODUCT\=NO
    export USER\=runner
    export USER_APPS_DIR\=/Users/runner/Applications
    export USER_LIBRARY_DIR\=/Users/runner/Library
    export USE_DYNAMIC_NO_PIC\=YES
    export USE_HEADERMAP\=YES
    export USE_HEADER_SYMLINKS\=NO
    export VALIDATE_DEVELOPMENT_ASSET_PATHS\=YES_ERROR
    export VALIDATE_PRODUCT\=NO
    export VALID_ARCHS\=arm64\ arm64e\ armv7\ armv7s
    export VERBOSE_PBXCP\=NO
    export VERSIONPLIST_PATH\=PharmaMobil.app/version.plist
    export VERSION_INFO_BUILDER\=runner
    export VERSION_INFO_FILE\=PharmaMobil_vers.c
    export VERSION_INFO_STRING\=\"@\(\#\)PROGRAM:PharmaMobil\ \ PROJECT:iosApp-1\"
    export WORKSPACE_DIR\=/Users/runner/work/pharmaMobil-ktor/pharmaMobil-ktor/iosApp/iosApp.xcodeproj
    export WRAPPER_EXTENSION\=app
    export WRAPPER_NAME\=PharmaMobil.app
    export WRAPPER_SUFFIX\=.app
    export WRAP_ASSET_PACKS_IN_SEPARATE_DIRECTORIES\=NO
    export XCODE_APP_SUPPORT_DIR\=/Applications/Xcode_26.6.app/Contents/Developer/Library/Xcode
    export XCODE_PRODUCT_BUILD_VERSION\=17F113
    export XCODE_VERSION_ACTUAL\=2660
    export XCODE_VERSION_MAJOR\=2600
    export XCODE_VERSION_MINOR\=2660
    export XPCSERVICES_FOLDER_PATH\=PharmaMobil.app/XPCServices
    export YACC\=yacc
    export _DISCOVER_COMMAND_LINE_LINKER_INPUTS\=YES
    export _DISCOVER_COMMAND_LINE_LINKER_INPUTS_INCLUDE_WL\=YES
    export _LD_MULTIARCH\=YES
    export _WRAPPER_CONTENTS_DIR_SHALLOW_BUNDLE_NO\=/Contents
    export _WRAPPER_PARENT_PATH_SHALLOW_BUNDLE_NO\=/..
    export _WRAPPER_RESOURCES_DIR_SHALLOW_BUNDLE_NO\=/Resources
    export __DIAGNOSE_DEPRECATED_ARCHS\=YES
    export __IS_NOT_MACOS\=YES
    export __IS_NOT_MACOS_macosx\=NO
    export __IS_NOT_SIMULATOR\=YES
    export __IS_NOT_SIMULATOR_simulator\=NO
    export __ORIGINAL_SDK_DEFINED_LLVM_TARGET_TRIPLE_SYS\=ios
    export arch\=undefined_arch
    export variant\=normal
    /bin/sh -c /Users/runner/work/pharmaMobil-ktor/pharmaMobil-ktor/build/ios-dispositivo/iosApp.build/Debug-iphoneos/iosApp.build/Script-DE05F0031DB44EE7645D12E2.sh
Downloading https://services.gradle.org/distributions/gradle-9.1.0-bin.zip
............10%.............20%.............30%.............40%.............50%............60%.............70%.............80%.............90%.............100%

Welcome to Gradle 9.1.0!

Here are the highlights of this release:
 - Full Java 25 support
 - Native task graph visualization
 - Enhanced console output

For more details see https://docs.gradle.org/9.1.0/release-notes.html

Starting a Gradle Daemon (subsequent builds will be faster)
Daemon JVM discovery is an incubating feature.
Calculating task graph as no cached configuration is available for tasks: :shared:embedAndSignAppleFrameworkForXcode
> Task :shared:checkSyntheticImportProjectIsCorrectlyIntegrated SKIPPED
> Task :shared:generateSyntheticLinkageSwiftPMImportProjectForEmbedAndSignLinkage SKIPPED
> Task :shared:checkSandboxAndWriteProtection
> Task :shared:kmpPartiallyResolvedDependenciesChecker
> Task :shared:checkIosArm64MainComposeLibrariesCompatibility
> Task :shared:checkKotlinGradlePluginConfigurationErrors SKIPPED
> Task :shared:copyNonXmlValueResourcesForAppleMain NO-SOURCE
> Task :shared:convertXmlValueResourcesForCommonMain NO-SOURCE
> Task :shared:convertXmlValueResourcesForAppleMain NO-SOURCE
> Task :shared:prepareComposeResourcesTaskForAppleMain NO-SOURCE
> Task :shared:generateResourceAccessorsForAppleMain NO-SOURCE
> Task :shared:convertXmlValueResourcesForIosArm64Main NO-SOURCE
> Task :shared:copyNonXmlValueResourcesForIosArm64Main NO-SOURCE
> Task :shared:prepareComposeResourcesTaskForIosArm64Main NO-SOURCE
> Task :shared:generateResourceAccessorsForIosArm64Main NO-SOURCE
> Task :shared:convertXmlValueResourcesForIosMain NO-SOURCE
> Task :shared:copyNonXmlValueResourcesForIosMain NO-SOURCE
> Task :shared:prepareComposeResourcesTaskForIosMain NO-SOURCE
> Task :shared:generateResourceAccessorsForIosMain NO-SOURCE
> Task :shared:convertXmlValueResourcesForNativeMain NO-SOURCE
> Task :shared:copyNonXmlValueResourcesForNativeMain NO-SOURCE
> Task :shared:prepareComposeResourcesTaskForNativeMain NO-SOURCE
> Task :shared:generateResourceAccessorsForNativeMain NO-SOURCE
> Task :shared:copyNonXmlValueResourcesForCommonMain
> Task :shared:prepareComposeResourcesTaskForCommonMain
> Task :shared:generateComposeResClass
> Task :shared:generateResourceAccessorsForCommonMain
> Task :shared:generateExpectResourceCollectorsForCommonMain
> Task :shared:createBuildSystemDirectory
> Task :shared:generateActualResourceCollectorsForIosArm64Main
> Task :shared:checkCanSyncComposeResourcesForIos
> Task :shared:symbolicLinkToAssembleDebugAppleFrameworkForXcodeIosArm64
> Task :shared:assembleIosArm64MainResources
> Task :shared:iosArm64ResolveSelfResourcesCopyHierarchicalMultiplatformResources
> Task :shared:iosArm64ResolveResourcesFromDependencies
> Task :shared:iosArm64AggregateResources
> Task :shared:convertXmlValueResourcesForIosSimulatorArm64Main NO-SOURCE
> Task :shared:iosSimulatorArm64ResolveResourcesFromDependencies
> Task :shared:validateArchitecturesForEmbedAndSignAppleFrameworkForXcode
> Task :shared:copyNonXmlValueResourcesForIosSimulatorArm64Main NO-SOURCE
> Task :shared:prepareComposeResourcesTaskForIosSimulatorArm64Main NO-SOURCE
> Task :shared:assembleIosSimulatorArm64MainResources
> Task :shared:iosSimulatorArm64ResolveSelfResourcesCopyHierarchicalMultiplatformResources
> Task :shared:iosSimulatorArm64AggregateResources
> Task :shared:syncComposeResourcesForIos

> Task :shared:downloadKotlinNativeDistribution
Kotlin/Native bundle directory /Users/runner/.konan/kotlin-native-prebuilt-macos-aarch64-2.4.10 is not empty. Native bundle files will be overwritten.
Downloading native dependencies (LLVM, sysroot etc). This is a one-time action performed only on the first run of the compiler.
Downloading dependency https://download.jetbrains.com/kotlin/native/resources/llvm/21-aarch64-macos/llvm-21-aarch64-macos-essentials-97.tar.gz to /Users/runner/.konan/dependencies/cache/llvm-21-aarch64-macos-essentials-97.tar.gz
Done.
Extracting dependency: /Users/runner/.konan/dependencies/cache/llvm-21-aarch64-macos-essentials-97.tar.gz into /Users/runner/.konan/dependencies
Downloading dependency https://download.jetbrains.com/kotlin/native/libffi-3.3-1-macos-arm64.tar.gz to /Users/runner/.konan/dependencies/cache/libffi-3.3-1-macos-arm64.tar.gz
Done.
Extracting dependency: /Users/runner/.konan/dependencies/cache/libffi-3.3-1-macos-arm64.tar.gz into /Users/runner/.konan/dependencies

> Task :shared:compileKotlinIosArm64
/Users/runner/work/pharmaMobil-ktor/pharmaMobil-ktor/shared/src/commonMain/kotlin/pe/edu/upeu/pharmamobil/App.kt:102:52: warning: 'fun KoinContext(koin: Koin = ..., content: ComposableFunction0<Unit>): Unit' is deprecated. KoinContext is not needed anymore. This can be removed. Compose Koin context is setup with StartKoin().

> Task :shared:linkDebugFrameworkIosArm64
warning: The number of threads 4 is more than the number of processors 3
warning: Cannot infer a bundle ID from packages of source files and exported dependencies, use the bundle name instead: Shared. Please specify the bundle ID explicitly using the -Xbinary=bundleId=<id> compiler flag.

> Task :shared:assembleDebugAppleFrameworkForXcodeIosArm64
> Task :shared:copyDsymForEmbedAndSignAppleFrameworkForXcode SKIPPED
> Task :shared:embedAndSignAppleFrameworkForXcode SKIPPED

BUILD SUCCESSFUL in 10m 15s
26 actionable tasks: 26 executed
Configuration cache entry stored.

MkDir /Users/runner/work/pharmaMobil-ktor/pharmaMobil-ktor/build/ios-dispositivo/iosApp.build/Debug-iphoneos/iosApp.build/assetcatalog_output/thinned (in target 'iosApp' from project 'iosApp')
    cd /Users/runner/work/pharmaMobil-ktor/pharmaMobil-ktor/iosApp
    /bin/mkdir -p /Users/runner/work/pharmaMobil-ktor/pharmaMobil-ktor/build/ios-dispositivo/iosApp.build/Debug-iphoneos/iosApp.build/assetcatalog_output/thinned

MkDir /Users/runner/work/pharmaMobil-ktor/pharmaMobil-ktor/build/ios-dispositivo/iosApp.build/Debug-iphoneos/iosApp.build/assetcatalog_output/unthinned (in target 'iosApp' from project 'iosApp')
    cd /Users/runner/work/pharmaMobil-ktor/pharmaMobil-ktor/iosApp
    /bin/mkdir -p /Users/runner/work/pharmaMobil-ktor/pharmaMobil-ktor/build/ios-dispositivo/iosApp.build/Debug-iphoneos/iosApp.build/assetcatalog_output/unthinned

GenerateAssetSymbols /Users/runner/work/pharmaMobil-ktor/pharmaMobil-ktor/iosApp/iosApp/Preview\ Content/Preview\ Assets.xcassets /Users/runner/work/pharmaMobil-ktor/pharmaMobil-ktor/iosApp/iosApp/Assets.xcassets (in target 'iosApp' from project 'iosApp')
    cd /Users/runner/work/pharmaMobil-ktor/pharmaMobil-ktor/iosApp
    /Applications/Xcode_26.6.app/Contents/Developer/usr/bin/actool /Users/runner/work/pharmaMobil-ktor/pharmaMobil-ktor/iosApp/iosApp/Preview\ Content/Preview\ Assets.xcassets /Users/runner/work/pharmaMobil-ktor/pharmaMobil-ktor/iosApp/iosApp/Assets.xcassets --compile /Users/runner/work/pharmaMobil-ktor/pharmaMobil-ktor/build/ios-dispositivo/Debug-iphoneos/PharmaMobil.app --output-format human-readable-text --notices --warnings --export-dependency-info /Users/runner/work/pharmaMobil-ktor/pharmaMobil-ktor/build/ios-dispositivo/iosApp.build/Debug-iphoneos/iosApp.build/assetcatalog_dependencies --output-partial-info-plist /Users/runner/work/pharmaMobil-ktor/pharmaMobil-ktor/build/ios-dispositivo/iosApp.build/Debug-iphoneos/iosApp.build/assetcatalog_generated_info.plist --app-icon AppIcon --accent-color AccentColor --compress-pngs --enable-on-demand-resources YES --development-region en --target-device iphone --target-device ipad --minimum-deployment-target 18.2 --platform iphoneos --bundle-identifier pe.edu.upeu.pharmamobil.PharmaMobil --generate-swift-asset-symbols /Users/runner/work/pharmaMobil-ktor/pharmaMobil-ktor/build/ios-dispositivo/iosApp.build/Debug-iphoneos/iosApp.build/DerivedSources/GeneratedAssetSymbols.swift --generate-objc-asset-symbols /Users/runner/work/pharmaMobil-ktor/pharmaMobil-ktor/build/ios-dispositivo/iosApp.build/Debug-iphoneos/iosApp.build/DerivedSources/GeneratedAssetSymbols.h --generate-asset-symbol-index /Users/runner/work/pharmaMobil-ktor/pharmaMobil-ktor/build/ios-dispositivo/iosApp.build/Debug-iphoneos/iosApp.build/DerivedSources/GeneratedAssetSymbols-Index.plist
/* com.apple.actool.compilation-results */
/Users/runner/work/pharmaMobil-ktor/pharmaMobil-ktor/build/ios-dispositivo/iosApp.build/Debug-iphoneos/iosApp.build/DerivedSources/GeneratedAssetSymbols-Index.plist
/Users/runner/work/pharmaMobil-ktor/pharmaMobil-ktor/build/ios-dispositivo/iosApp.build/Debug-iphoneos/iosApp.build/DerivedSources/GeneratedAssetSymbols.h
/Users/runner/work/pharmaMobil-ktor/pharmaMobil-ktor/build/ios-dispositivo/iosApp.build/Debug-iphoneos/iosApp.build/DerivedSources/GeneratedAssetSymbols.swift


CompileAssetCatalogVariant thinned /Users/runner/work/pharmaMobil-ktor/pharmaMobil-ktor/build/ios-dispositivo/Debug-iphoneos/PharmaMobil.app /Users/runner/work/pharmaMobil-ktor/pharmaMobil-ktor/iosApp/iosApp/Preview\ Content/Preview\ Assets.xcassets /Users/runner/work/pharmaMobil-ktor/pharmaMobil-ktor/iosApp/iosApp/Assets.xcassets (in target 'iosApp' from project 'iosApp')
    cd /Users/runner/work/pharmaMobil-ktor/pharmaMobil-ktor/iosApp
    /Applications/Xcode_26.6.app/Contents/Developer/usr/bin/actool /Users/runner/work/pharmaMobil-ktor/pharmaMobil-ktor/iosApp/iosApp/Preview\ Content/Preview\ Assets.xcassets /Users/runner/work/pharmaMobil-ktor/pharmaMobil-ktor/iosApp/iosApp/Assets.xcassets --compile /Users/runner/work/pharmaMobil-ktor/pharmaMobil-ktor/build/ios-dispositivo/iosApp.build/Debug-iphoneos/iosApp.build/assetcatalog_output/thinned --output-format human-readable-text --notices --warnings --export-dependency-info /Users/runner/work/pharmaMobil-ktor/pharmaMobil-ktor/build/ios-dispositivo/iosApp.build/Debug-iphoneos/iosApp.build/assetcatalog_dependencies_thinned --output-partial-info-plist /Users/runner/work/pharmaMobil-ktor/pharmaMobil-ktor/build/ios-dispositivo/iosApp.build/Debug-iphoneos/iosApp.build/assetcatalog_generated_info.plist_thinned --app-icon AppIcon --accent-color AccentColor --compress-pngs --enable-on-demand-resources YES --development-region en --target-device iphone --target-device ipad --minimum-deployment-target 18.2 --platform iphoneos
/* com.apple.actool.compilation-results */
/Users/runner/work/pharmaMobil-ktor/pharmaMobil-ktor/build/ios-dispositivo/iosApp.build/Debug-iphoneos/iosApp.build/assetcatalog_generated_info.plist_thinned
/Users/runner/work/pharmaMobil-ktor/pharmaMobil-ktor/build/ios-dispositivo/iosApp.build/Debug-iphoneos/iosApp.build/assetcatalog_output/thinned/AppIcon60x60@2x.png
/Users/runner/work/pharmaMobil-ktor/pharmaMobil-ktor/build/ios-dispositivo/iosApp.build/Debug-iphoneos/iosApp.build/assetcatalog_output/thinned/AppIcon76x76@2x~ipad.png
/Users/runner/work/pharmaMobil-ktor/pharmaMobil-ktor/build/ios-dispositivo/iosApp.build/Debug-iphoneos/iosApp.build/assetcatalog_output/thinned/Assets.car


SwiftDriver iosApp normal arm64 com.apple.xcode.tools.swift.compiler (in target 'iosApp' from project 'iosApp')
    cd /Users/runner/work/pharmaMobil-ktor/pharmaMobil-ktor/iosApp
    builtin-SwiftDriver -- /Applications/Xcode_26.6.app/Contents/Developer/Toolchains/XcodeDefault.xctoolchain/usr/bin/swiftc -module-name PharmaMobil -Onone @/Users/runner/work/pharmaMobil-ktor/pharmaMobil-ktor/build/ios-dispositivo/iosApp.build/Debug-iphoneos/iosApp.build/Objects-normal/arm64/PharmaMobil.SwiftFileList -DDEBUG -enable-bare-slash-regex -enable-experimental-feature DebugDescriptionMacro -sdk /Applications/Xcode_26.6.app/Contents/Developer/Platforms/iPhoneOS.platform/Developer/SDKs/iPhoneOS26.5.sdk -target arm64-apple-ios18.2 -g -Xfrontend -serialize-debugging-options -enable-testing -Xcc -D_LIBCPP_HARDENING_MODE\=_LIBCPP_HARDENING_MODE_DEBUG -swift-version 5 -I /Users/runner/work/pharmaMobil-ktor/pharmaMobil-ktor/build/ios-dispositivo/Debug-iphoneos -F /Users/runner/work/pharmaMobil-ktor/pharmaMobil-ktor/build/ios-dispositivo/Debug-iphoneos -emit-localized-strings -emit-localized-strings-path /Users/runner/work/pharmaMobil-ktor/pharmaMobil-ktor/build/ios-dispositivo/iosApp.build/Debug-iphoneos/iosApp.build/Objects-normal/arm64 -c -j3 -enable-batch-mode -incremental -Xcc -ivfsstatcache -Xcc /var/folders/36/tjdph2t965j8snz9_vkdnw0r0000gn/C/com.apple.DeveloperTools/26.6-17F113/Xcode/SDKStatCaches.noindex/iphoneos26.5-23F81a-688ef53f1462e2c8f657fdc38a81448fee66e23052a0157c865c76b268046726.sdkstatcache -output-file-map /Users/runner/work/pharmaMobil-ktor/pharmaMobil-ktor/build/ios-dispositivo/iosApp.build/Debug-iphoneos/iosApp.build/Objects-normal/arm64/iosApp-OutputFileMap.json -use-frontend-parseable-output -save-temps -no-color-diagnostics -explicit-module-build -module-cache-path /Users/runner/work/pharmaMobil-ktor/pharmaMobil-ktor/build/ios-dispositivo/SwiftExplicitPrecompiledModules -serialize-diagnostics -emit-dependencies -emit-module -emit-module-path /Users/runner/work/pharmaMobil-ktor/pharmaMobil-ktor/build/ios-dispositivo/iosApp.build/Debug-iphoneos/iosApp.build/Objects-normal/arm64/PharmaMobil.swiftmodule -validate-clang-modules-once -clang-build-session-file /var/folders/36/tjdph2t965j8snz9_vkdnw0r0000gn/C/org.llvm.clang/ModuleCache.noindex/Session.modulevalidation -Xcc -I/Users/runner/work/pharmaMobil-ktor/pharmaMobil-ktor/build/ios-dispositivo/iosApp.build/Debug-iphoneos/iosApp.build/swift-overrides.hmap -emit-const-values -Xfrontend -const-gather-protocols-file -Xfrontend /Users/runner/work/pharmaMobil-ktor/pharmaMobil-ktor/build/ios-dispositivo/iosApp.build/Debug-iphoneos/iosApp.build/Objects-normal/arm64/iosApp_const_extract_protocols.json -Xcc -iquote -Xcc /Users/runner/work/pharmaMobil-ktor/pharmaMobil-ktor/build/ios-dispositivo/iosApp.build/Debug-iphoneos/iosApp.build/PharmaMobil-generated-files.hmap -Xcc -I/Users/runner/work/pharmaMobil-ktor/pharmaMobil-ktor/build/ios-dispositivo/iosApp.build/Debug-iphoneos/iosApp.build/PharmaMobil-own-target-headers.hmap -Xcc -I/Users/runner/work/pharmaMobil-ktor/pharmaMobil-ktor/build/ios-dispositivo/iosApp.build/Debug-iphoneos/iosApp.build/PharmaMobil-all-target-headers.hmap -Xcc -iquote -Xcc /Users/runner/work/pharmaMobil-ktor/pharmaMobil-ktor/build/ios-dispositivo/iosApp.build/Debug-iphoneos/iosApp.build/PharmaMobil-project-headers.hmap -Xcc -I/Users/runner/work/pharmaMobil-ktor/pharmaMobil-ktor/build/ios-dispositivo/Debug-iphoneos/include -Xcc -I/Users/runner/work/pharmaMobil-ktor/pharmaMobil-ktor/build/ios-dispositivo/iosApp.build/Debug-iphoneos/iosApp.build/DerivedSources-normal/arm64 -Xcc -I/Users/runner/work/pharmaMobil-ktor/pharmaMobil-ktor/build/ios-dispositivo/iosApp.build/Debug-iphoneos/iosApp.build/DerivedSources/arm64 -Xcc -I/Users/runner/work/pharmaMobil-ktor/pharmaMobil-ktor/build/ios-dispositivo/iosApp.build/Debug-iphoneos/iosApp.build/DerivedSources -Xcc -DDEBUG\=1 -emit-objc-header -emit-objc-header-path /Users/runner/work/pharmaMobil-ktor/pharmaMobil-ktor/build/ios-dispositivo/iosApp.build/Debug-iphoneos/iosApp.build/Objects-normal/arm64/PharmaMobil-Swift.h -working-directory /Users/runner/work/pharmaMobil-ktor/pharmaMobil-ktor/iosApp -experimental-emit-module-separately -disable-cmo

SwiftExplicitDependencyGeneratePcm arm64 /Users/runner/work/pharmaMobil-ktor/pharmaMobil-ktor/build/ios-dispositivo/SwiftExplicitPrecompiledModules/_SwiftConcurrencyShims-2GY7P2KSXKWRX0JZW14BM9M96.pcm

SwiftExplicitDependencyGeneratePcm arm64 /Users/runner/work/pharmaMobil-ktor/pharmaMobil-ktor/build/ios-dispositivo/SwiftExplicitPrecompiledModules/_Builtin_float-83L5Y8KQYDEBOLW91G1KM3NCA.pcm

SwiftExplicitDependencyGeneratePcm arm64 /Users/runner/work/pharmaMobil-ktor/pharmaMobil-ktor/build/ios-dispositivo/SwiftExplicitPrecompiledModules/ptrcheck-B0LPZCVSHYK14A50R361YD1JM.pcm

SwiftExplicitDependencyGeneratePcm arm64 /Users/runner/work/pharmaMobil-ktor/pharmaMobil-ktor/build/ios-dispositivo/SwiftExplicitPrecompiledModules/DeveloperToolsSupport-DWSCOOYDS3VU453FYUOF1NR7R.pcm

SwiftExplicitDependencyGeneratePcm arm64 /Users/runner/work/pharmaMobil-ktor/pharmaMobil-ktor/build/ios-dispositivo/SwiftExplicitPrecompiledModules/_Builtin_stddef-9WUN4LKP849XF9SNMD0WU8HH6.pcm

SwiftExplicitDependencyGeneratePcm arm64 /Users/runner/work/pharmaMobil-ktor/pharmaMobil-ktor/build/ios-dispositivo/SwiftExplicitPrecompiledModules/_AvailabilityInternal-WB9TUM0DK485J662TYKBZDE1.pcm

SwiftExplicitDependencyGeneratePcm arm64 /Users/runner/work/pharmaMobil-ktor/pharmaMobil-ktor/build/ios-dispositivo/SwiftExplicitPrecompiledModules/_Builtin_stdarg-CV8OBF91XLS6SB7MVJ64VOSHR.pcm

SwiftExplicitDependencyGeneratePcm arm64 /Users/runner/work/pharmaMobil-ktor/pharmaMobil-ktor/build/ios-dispositivo/SwiftExplicitPrecompiledModules/_Builtin_stdbool-C3MCKE14NGCAS4J5T1SDJSS6P.pcm

SwiftExplicitDependencyGeneratePcm arm64 /Users/runner/work/pharmaMobil-ktor/pharmaMobil-ktor/build/ios-dispositivo/SwiftExplicitPrecompiledModules/SwiftShims-6K8D4UZZUFAJ4X395FGA6GCTB.pcm

SwiftExplicitDependencyGeneratePcm arm64 /Users/runner/work/pharmaMobil-ktor/pharmaMobil-ktor/build/ios-dispositivo/SwiftExplicitPrecompiledModules/_DarwinFoundation1-C5T0BMDY148UXB2X40O8PLN2F.pcm

SwiftExplicitDependencyGeneratePcm arm64 /Users/runner/work/pharmaMobil-ktor/pharmaMobil-ktor/build/ios-dispositivo/SwiftExplicitPrecompiledModules/ptrauth-CYKYTADZJFDI5S40D7YCFDZW9.pcm

SwiftExplicitDependencyGeneratePcm arm64 /Users/runner/work/pharmaMobil-ktor/pharmaMobil-ktor/build/ios-dispositivo/SwiftExplicitPrecompiledModules/_Builtin_limits-6I32JJUZ0L2AAUF169QR7M4E.pcm

SwiftExplicitDependencyGeneratePcm arm64 /Users/runner/work/pharmaMobil-ktor/pharmaMobil-ktor/build/ios-dispositivo/SwiftExplicitPrecompiledModules/_DarwinFoundation2-BBSZ4CXU9Z79XTJB4EQQF74I9.pcm

SwiftExplicitDependencyGeneratePcm arm64 /Users/runner/work/pharmaMobil-ktor/pharmaMobil-ktor/build/ios-dispositivo/SwiftExplicitPrecompiledModules/_Builtin_stdint-437S26LEIPFO8ZKDR60O7JQXK.pcm

SwiftExplicitDependencyGeneratePcm arm64 /Users/runner/work/pharmaMobil-ktor/pharmaMobil-ktor/build/ios-dispositivo/SwiftExplicitPrecompiledModules/_Builtin_tgmath-94KTZ8J4SF10X77LZEY0Y2PSH.pcm

SwiftExplicitDependencyGeneratePcm arm64 /Users/runner/work/pharmaMobil-ktor/pharmaMobil-ktor/build/ios-dispositivo/SwiftExplicitPrecompiledModules/sys_types-ANHYNADF2FX2G6N37OEPSXSC.pcm

SwiftExplicitDependencyGeneratePcm arm64 /Users/runner/work/pharmaMobil-ktor/pharmaMobil-ktor/build/ios-dispositivo/SwiftExplicitPrecompiledModules/_Builtin_intrinsics-8HQE6F8BJPYXFGO1Z5E55Z05B.pcm

SwiftExplicitDependencyGeneratePcm arm64 /Users/runner/work/pharmaMobil-ktor/pharmaMobil-ktor/build/ios-dispositivo/SwiftExplicitPrecompiledModules/_DarwinFoundation3-8URIX6M0RUN9NV1208ZHK3IWF.pcm

SwiftExplicitDependencyGeneratePcm arm64 /Users/runner/work/pharmaMobil-ktor/pharmaMobil-ktor/build/ios-dispositivo/SwiftExplicitPrecompiledModules/_Builtin_stdatomic-5FZ0EI9KX607QPE2R6TBRUKMV.pcm

SwiftExplicitDependencyGeneratePcm arm64 /Users/runner/work/pharmaMobil-ktor/pharmaMobil-ktor/build/ios-dispositivo/SwiftExplicitPrecompiledModules/_Builtin_inttypes-D85V98PERTROP9KBD5Q50XQV0.pcm

SwiftExplicitDependencyGeneratePcm arm64 /Users/runner/work/pharmaMobil-ktor/pharmaMobil-ktor/build/ios-dispositivo/SwiftExplicitPrecompiledModules/Darwin-4V0ZNSOS4YNW8LR4WCEEE2UQR.pcm

SwiftExplicitDependencyGeneratePcm arm64 /Users/runner/work/pharmaMobil-ktor/pharmaMobil-ktor/build/ios-dispositivo/SwiftExplicitPrecompiledModules/simd-3YXVQ5FJLVUVK9HEW26G93Z2M.pcm

SwiftExplicitDependencyGeneratePcm arm64 /Users/runner/work/pharmaMobil-ktor/pharmaMobil-ktor/build/ios-dispositivo/SwiftExplicitPrecompiledModules/ObjectiveC-1Z07DC6AG25X3NAAHCCN69T6R.pcm

SwiftExplicitDependencyGeneratePcm arm64 /Users/runner/work/pharmaMobil-ktor/pharmaMobil-ktor/build/ios-dispositivo/SwiftExplicitPrecompiledModules/MachO-1317TQMEX37V91IMHYVNRXWL2.pcm

SwiftExplicitDependencyGeneratePcm arm64 /Users/runner/work/pharmaMobil-ktor/pharmaMobil-ktor/build/ios-dispositivo/SwiftExplicitPrecompiledModules/os_object-5CJ7RI3S4JGT7K7LP5H7582RP.pcm

SwiftExplicitDependencyGeneratePcm arm64 /Users/runner/work/pharmaMobil-ktor/pharmaMobil-ktor/build/ios-dispositivo/SwiftExplicitPrecompiledModules/Spatial-DHQ5FJYZHH2LP7JU1UG7VQECC.pcm

SwiftExplicitDependencyGeneratePcm arm64 /Users/runner/work/pharmaMobil-ktor/pharmaMobil-ktor/build/ios-dispositivo/SwiftExplicitPrecompiledModules/os_workgroup-85T14Y2ON7LFTE8JDLA9FBD1H.pcm

SwiftExplicitDependencyGeneratePcm arm64 /Users/runner/work/pharmaMobil-ktor/pharmaMobil-ktor/build/ios-dispositivo/SwiftExplicitPrecompiledModules/Dispatch-1CHTQH2JXJIW5TOREXZJOT5JR.pcm

SwiftExplicitDependencyGeneratePcm arm64 /Users/runner/work/pharmaMobil-ktor/pharmaMobil-ktor/build/ios-dispositivo/SwiftExplicitPrecompiledModules/CoreFoundation-DXVJW4JWPET5UEHFSFMZBW0TV.pcm

SwiftExplicitDependencyGeneratePcm arm64 /Users/runner/work/pharmaMobil-ktor/pharmaMobil-ktor/build/ios-dispositivo/SwiftExplicitPrecompiledModules/XPC-BDL7NQRW4HHIM55YAWCFJZVVI.pcm

SwiftExplicitDependencyGeneratePcm arm64 /Users/runner/work/pharmaMobil-ktor/pharmaMobil-ktor/build/ios-dispositivo/SwiftExplicitPrecompiledModules/os-DKK9QTE34EJR4SQO2ZGE5P8NN.pcm

SwiftExplicitDependencyGeneratePcm arm64 /Users/runner/work/pharmaMobil-ktor/pharmaMobil-ktor/build/ios-dispositivo/SwiftExplicitPrecompiledModules/CoreGraphics-1H9O81QL79R3Y86KUY7XHEX1F.pcm

SwiftExplicitDependencyGeneratePcm arm64 /Users/runner/work/pharmaMobil-ktor/pharmaMobil-ktor/build/ios-dispositivo/SwiftExplicitPrecompiledModules/Security-7YZFN906321YG265GBGJADNTM.pcm

SwiftExplicitDependencyGeneratePcm arm64 /Users/runner/work/pharmaMobil-ktor/pharmaMobil-ktor/build/ios-dispositivo/SwiftExplicitPrecompiledModules/CFNetwork-5UBVO5X96NIHULW3IYO4B1I2A.pcm

SwiftExplicitDependencyGeneratePcm arm64 /Users/runner/work/pharmaMobil-ktor/pharmaMobil-ktor/build/ios-dispositivo/SwiftExplicitPrecompiledModules/ImageIO-2QGK7EMQM0LWPQF9GLYZPGEYH.pcm

SwiftExplicitDependencyGeneratePcm arm64 /Users/runner/work/pharmaMobil-ktor/pharmaMobil-ktor/build/ios-dispositivo/SwiftExplicitPrecompiledModules/CoreText-B2YTP31K162Y5F54PEW49YIZ.pcm

SwiftExplicitDependencyGeneratePcm arm64 /Users/runner/work/pharmaMobil-ktor/pharmaMobil-ktor/build/ios-dispositivo/SwiftExplicitPrecompiledModules/Foundation-24XFWUN4YTRX9OQA5IQP2DG0S.pcm

SwiftExplicitDependencyGeneratePcm arm64 /Users/runner/work/pharmaMobil-ktor/pharmaMobil-ktor/build/ios-dispositivo/SwiftExplicitPrecompiledModules/OSLog-5LPFFLWELKJ4UZ8QU7WZ20YFS.pcm

SwiftExplicitDependencyGeneratePcm arm64 /Users/runner/work/pharmaMobil-ktor/pharmaMobil-ktor/build/ios-dispositivo/SwiftExplicitPrecompiledModules/UserNotifications-6VDNCT3R4XIH36IYO61A5CAZK.pcm

SwiftExplicitDependencyGeneratePcm arm64 /Users/runner/work/pharmaMobil-ktor/pharmaMobil-ktor/build/ios-dispositivo/SwiftExplicitPrecompiledModules/CoreTransferable-7I0U9D7Y43KUCHBSO784L6RLF.pcm

SwiftExplicitDependencyGeneratePcm arm64 /Users/runner/work/pharmaMobil-ktor/pharmaMobil-ktor/build/ios-dispositivo/SwiftExplicitPrecompiledModules/Shared-3AWVL7RY4UXTEIINRBP7AZM5X.pcm

SwiftExplicitDependencyGeneratePcm arm64 /Users/runner/work/pharmaMobil-ktor/pharmaMobil-ktor/build/ios-dispositivo/SwiftExplicitPrecompiledModules/IOSurface-QZCA7P20DG88H2XDL82XEGPB.pcm

SwiftExplicitDependencyGeneratePcm arm64 /Users/runner/work/pharmaMobil-ktor/pharmaMobil-ktor/build/ios-dispositivo/SwiftExplicitPrecompiledModules/UIUtilities-6WRGTJHBE1E2N7DH5G8LPHDZE.pcm

SwiftExplicitDependencyGeneratePcm arm64 /Users/runner/work/pharmaMobil-ktor/pharmaMobil-ktor/build/ios-dispositivo/SwiftExplicitPrecompiledModules/DataDetection-8J916CO2WDQIWVMU1IPB9DMIK.pcm

SwiftExplicitDependencyGeneratePcm arm64 /Users/runner/work/pharmaMobil-ktor/pharmaMobil-ktor/build/ios-dispositivo/SwiftExplicitPrecompiledModules/OpenGLES-7DJOJQ4HKWOK474UYW72MM4AW.pcm

SwiftExplicitDependencyGeneratePcm arm64 /Users/runner/work/pharmaMobil-ktor/pharmaMobil-ktor/build/ios-dispositivo/SwiftExplicitPrecompiledModules/FileProvider-1C13TY6LTHNC1R7KLSOPHBROV.pcm

SwiftExplicitDependencyGeneratePcm arm64 /Users/runner/work/pharmaMobil-ktor/pharmaMobil-ktor/build/ios-dispositivo/SwiftExplicitPrecompiledModules/UniformTypeIdentifiers-14UQJ1Q61SDDM4DPYB2Q1MEJA.pcm

SwiftExplicitDependencyGeneratePcm arm64 /Users/runner/work/pharmaMobil-ktor/pharmaMobil-ktor/build/ios-dispositivo/SwiftExplicitPrecompiledModules/Accessibility-50L5LGSVXZRT40LHLDW8J3OCO.pcm

SwiftExplicitDependencyGeneratePcm arm64 /Users/runner/work/pharmaMobil-ktor/pharmaMobil-ktor/build/ios-dispositivo/SwiftExplicitPrecompiledModules/Metal-8U76ILICC1RO2HDKQP4O06BUN.pcm

SwiftExplicitDependencyGeneratePcm arm64 /Users/runner/work/pharmaMobil-ktor/pharmaMobil-ktor/build/ios-dispositivo/SwiftExplicitPrecompiledModules/CoreData-4XYNSUCWFXDHKGWCIANVE0A4G.pcm

SwiftExplicitDependencyGeneratePcm arm64 /Users/runner/work/pharmaMobil-ktor/pharmaMobil-ktor/build/ios-dispositivo/SwiftExplicitPrecompiledModules/Symbols-ES0XO2OPGX59OSME5TVSZGSHO.pcm

SwiftExplicitDependencyGeneratePcm arm64 /Users/runner/work/pharmaMobil-ktor/pharmaMobil-ktor/build/ios-dispositivo/SwiftExplicitPrecompiledModules/CoreVideo-BWJICQN45W7U6V3TZ58T18SKS.pcm

SwiftExplicitDependencyGeneratePcm arm64 /Users/runner/work/pharmaMobil-ktor/pharmaMobil-ktor/build/ios-dispositivo/SwiftExplicitPrecompiledModules/CoreImage-69SYFZ8N5T9EJLX9YTDJCMIIO.pcm

SwiftExplicitDependencyGeneratePcm arm64 /Users/runner/work/pharmaMobil-ktor/pharmaMobil-ktor/build/ios-dispositivo/SwiftExplicitPrecompiledModules/QuartzCore-4WKHYNR1S1OP84H0CJAA5TX7.pcm

SwiftExplicitDependencyGeneratePcm arm64 /Users/runner/work/pharmaMobil-ktor/pharmaMobil-ktor/build/ios-dispositivo/SwiftExplicitPrecompiledModules/SwiftUICore-8QTZON6PZDMOKKYW9PJTA4IEW.pcm

SwiftExplicitDependencyGeneratePcm arm64 /Users/runner/work/pharmaMobil-ktor/pharmaMobil-ktor/build/ios-dispositivo/SwiftExplicitPrecompiledModules/UIKit-CMYIK3ETPINCHMPWAFMLRUWME.pcm

SwiftExplicitDependencyGeneratePcm arm64 /Users/runner/work/pharmaMobil-ktor/pharmaMobil-ktor/build/ios-dispositivo/SwiftExplicitPrecompiledModules/SwiftUI-2KS08SSV4EB0H1HSUL7ZL28R9.pcm

LinkAssetCatalog /Users/runner/work/pharmaMobil-ktor/pharmaMobil-ktor/iosApp/iosApp/Preview\ Content/Preview\ Assets.xcassets /Users/runner/work/pharmaMobil-ktor/pharmaMobil-ktor/iosApp/iosApp/Assets.xcassets (in target 'iosApp' from project 'iosApp')
    cd /Users/runner/work/pharmaMobil-ktor/pharmaMobil-ktor/iosApp
    builtin-linkAssetCatalog --thinned /Users/runner/work/pharmaMobil-ktor/pharmaMobil-ktor/build/ios-dispositivo/iosApp.build/Debug-iphoneos/iosApp.build/assetcatalog_output/thinned --thinned-dependencies /Users/runner/work/pharmaMobil-ktor/pharmaMobil-ktor/build/ios-dispositivo/iosApp.build/Debug-iphoneos/iosApp.build/assetcatalog_dependencies_thinned --thinned-info-plist-content /Users/runner/work/pharmaMobil-ktor/pharmaMobil-ktor/build/ios-dispositivo/iosApp.build/Debug-iphoneos/iosApp.build/assetcatalog_generated_info.plist_thinned --unthinned /Users/runner/work/pharmaMobil-ktor/pharmaMobil-ktor/build/ios-dispositivo/iosApp.build/Debug-iphoneos/iosApp.build/assetcatalog_output/unthinned --unthinned-dependencies /Users/runner/work/pharmaMobil-ktor/pharmaMobil-ktor/build/ios-dispositivo/iosApp.build/Debug-iphoneos/iosApp.build/assetcatalog_dependencies_unthinned --unthinned-info-plist-content /Users/runner/work/pharmaMobil-ktor/pharmaMobil-ktor/build/ios-dispositivo/iosApp.build/Debug-iphoneos/iosApp.build/assetcatalog_generated_info.plist_unthinned --output /Users/runner/work/pharmaMobil-ktor/pharmaMobil-ktor/build/ios-dispositivo/Debug-iphoneos/PharmaMobil.app --plist-output /Users/runner/work/pharmaMobil-ktor/pharmaMobil-ktor/build/ios-dispositivo/iosApp.build/Debug-iphoneos/iosApp.build/assetcatalog_generated_info.plist
note: Emplaced /Users/runner/work/pharmaMobil-ktor/pharmaMobil-ktor/build/ios-dispositivo/Debug-iphoneos/PharmaMobil.app/AppIcon60x60@2x.png (in target 'iosApp' from project 'iosApp')
note: Emplaced /Users/runner/work/pharmaMobil-ktor/pharmaMobil-ktor/build/ios-dispositivo/Debug-iphoneos/PharmaMobil.app/Assets.car (in target 'iosApp' from project 'iosApp')
note: Emplaced /Users/runner/work/pharmaMobil-ktor/pharmaMobil-ktor/build/ios-dispositivo/Debug-iphoneos/PharmaMobil.app/AppIcon76x76@2x~ipad.png (in target 'iosApp' from project 'iosApp')

SwiftEmitModule normal arm64 Emitting\ module\ for\ PharmaMobil (in target 'iosApp' from project 'iosApp')

EmitSwiftModule normal arm64 (in target 'iosApp' from project 'iosApp')
    cd /Users/runner/work/pharmaMobil-ktor/pharmaMobil-ktor/iosApp
    

SwiftCompile normal arm64 Compiling\ ContentView.swift /Users/runner/work/pharmaMobil-ktor/pharmaMobil-ktor/iosApp/iosApp/ContentView.swift (in target 'iosApp' from project 'iosApp')
SwiftCompile normal arm64 /Users/runner/work/pharmaMobil-ktor/pharmaMobil-ktor/iosApp/iosApp/ContentView.swift (in target 'iosApp' from project 'iosApp')
    cd /Users/runner/work/pharmaMobil-ktor/pharmaMobil-ktor/iosApp
    

SwiftCompile normal arm64 Compiling\ iOSApp.swift /Users/runner/work/pharmaMobil-ktor/pharmaMobil-ktor/iosApp/iosApp/iOSApp.swift (in target 'iosApp' from project 'iosApp')
SwiftCompile normal arm64 /Users/runner/work/pharmaMobil-ktor/pharmaMobil-ktor/iosApp/iosApp/iOSApp.swift (in target 'iosApp' from project 'iosApp')
    cd /Users/runner/work/pharmaMobil-ktor/pharmaMobil-ktor/iosApp
    

ProcessInfoPlistFile /Users/runner/work/pharmaMobil-ktor/pharmaMobil-ktor/build/ios-dispositivo/Debug-iphoneos/PharmaMobil.app/Info.plist /Users/runner/work/pharmaMobil-ktor/pharmaMobil-ktor/iosApp/iosApp/Info.plist (in target 'iosApp' from project 'iosApp')
    cd /Users/runner/work/pharmaMobil-ktor/pharmaMobil-ktor/iosApp
    builtin-infoPlistUtility /Users/runner/work/pharmaMobil-ktor/pharmaMobil-ktor/iosApp/iosApp/Info.plist -producttype com.apple.product-type.application -genpkginfo /Users/runner/work/pharmaMobil-ktor/pharmaMobil-ktor/build/ios-dispositivo/Debug-iphoneos/PharmaMobil.app/PkgInfo -expandbuildsettings -format binary -platform iphoneos -additionalcontentfile /Users/runner/work/pharmaMobil-ktor/pharmaMobil-ktor/build/ios-dispositivo/iosApp.build/Debug-iphoneos/iosApp.build/assetcatalog_generated_info.plist -requiredArchitecture arm64 -o /Users/runner/work/pharmaMobil-ktor/pharmaMobil-ktor/build/ios-dispositivo/Debug-iphoneos/PharmaMobil.app/Info.plist

SwiftDriverJobDiscovery normal arm64 Emitting module for PharmaMobil (in target 'iosApp' from project 'iosApp')

SwiftDriver\ Compilation\ Requirements iosApp normal arm64 com.apple.xcode.tools.swift.compiler (in target 'iosApp' from project 'iosApp')
    cd /Users/runner/work/pharmaMobil-ktor/pharmaMobil-ktor/iosApp
    builtin-Swift-Compilation-Requirements -- /Applications/Xcode_26.6.app/Contents/Developer/Toolchains/XcodeDefault.xctoolchain/usr/bin/swiftc -module-name PharmaMobil -Onone @/Users/runner/work/pharmaMobil-ktor/pharmaMobil-ktor/build/ios-dispositivo/iosApp.build/Debug-iphoneos/iosApp.build/Objects-normal/arm64/PharmaMobil.SwiftFileList -DDEBUG -enable-bare-slash-regex -enable-experimental-feature DebugDescriptionMacro -sdk /Applications/Xcode_26.6.app/Contents/Developer/Platforms/iPhoneOS.platform/Developer/SDKs/iPhoneOS26.5.sdk -target arm64-apple-ios18.2 -g -Xfrontend -serialize-debugging-options -enable-testing -Xcc -D_LIBCPP_HARDENING_MODE\=_LIBCPP_HARDENING_MODE_DEBUG -swift-version 5 -I /Users/runner/work/pharmaMobil-ktor/pharmaMobil-ktor/build/ios-dispositivo/Debug-iphoneos -F /Users/runner/work/pharmaMobil-ktor/pharmaMobil-ktor/build/ios-dispositivo/Debug-iphoneos -emit-localized-strings -emit-localized-strings-path /Users/runner/work/pharmaMobil-ktor/pharmaMobil-ktor/build/ios-dispositivo/iosApp.build/Debug-iphoneos/iosApp.build/Objects-normal/arm64 -c -j3 -enable-batch-mode -incremental -Xcc -ivfsstatcache -Xcc /var/folders/36/tjdph2t965j8snz9_vkdnw0r0000gn/C/com.apple.DeveloperTools/26.6-17F113/Xcode/SDKStatCaches.noindex/iphoneos26.5-23F81a-688ef53f1462e2c8f657fdc38a81448fee66e23052a0157c865c76b268046726.sdkstatcache -output-file-map /Users/runner/work/pharmaMobil-ktor/pharmaMobil-ktor/build/ios-dispositivo/iosApp.build/Debug-iphoneos/iosApp.build/Objects-normal/arm64/iosApp-OutputFileMap.json -use-frontend-parseable-output -save-temps -no-color-diagnostics -explicit-module-build -module-cache-path /Users/runner/work/pharmaMobil-ktor/pharmaMobil-ktor/build/ios-dispositivo/SwiftExplicitPrecompiledModules -serialize-diagnostics -emit-dependencies -emit-module -emit-module-path /Users/runner/work/pharmaMobil-ktor/pharmaMobil-ktor/build/ios-dispositivo/iosApp.build/Debug-iphoneos/iosApp.build/Objects-normal/arm64/PharmaMobil.swiftmodule -validate-clang-modules-once -clang-build-session-file /var/folders/36/tjdph2t965j8snz9_vkdnw0r0000gn/C/org.llvm.clang/ModuleCache.noindex/Session.modulevalidation -Xcc -I/Users/runner/work/pharmaMobil-ktor/pharmaMobil-ktor/build/ios-dispositivo/iosApp.build/Debug-iphoneos/iosApp.build/swift-overrides.hmap -emit-const-values -Xfrontend -const-gather-protocols-file -Xfrontend /Users/runner/work/pharmaMobil-ktor/pharmaMobil-ktor/build/ios-dispositivo/iosApp.build/Debug-iphoneos/iosApp.build/Objects-normal/arm64/iosApp_const_extract_protocols.json -Xcc -iquote -Xcc /Users/runner/work/pharmaMobil-ktor/pharmaMobil-ktor/build/ios-dispositivo/iosApp.build/Debug-iphoneos/iosApp.build/PharmaMobil-generated-files.hmap -Xcc -I/Users/runner/work/pharmaMobil-ktor/pharmaMobil-ktor/build/ios-dispositivo/iosApp.build/Debug-iphoneos/iosApp.build/PharmaMobil-own-target-headers.hmap -Xcc -I/Users/runner/work/pharmaMobil-ktor/pharmaMobil-ktor/build/ios-dispositivo/iosApp.build/Debug-iphoneos/iosApp.build/PharmaMobil-all-target-headers.hmap -Xcc -iquote -Xcc /Users/runner/work/pharmaMobil-ktor/pharmaMobil-ktor/build/ios-dispositivo/iosApp.build/Debug-iphoneos/iosApp.build/PharmaMobil-project-headers.hmap -Xcc -I/Users/runner/work/pharmaMobil-ktor/pharmaMobil-ktor/build/ios-dispositivo/Debug-iphoneos/include -Xcc -I/Users/runner/work/pharmaMobil-ktor/pharmaMobil-ktor/build/ios-dispositivo/iosApp.build/Debug-iphoneos/iosApp.build/DerivedSources-normal/arm64 -Xcc -I/Users/runner/work/pharmaMobil-ktor/pharmaMobil-ktor/build/ios-dispositivo/iosApp.build/Debug-iphoneos/iosApp.build/DerivedSources/arm64 -Xcc -I/Users/runner/work/pharmaMobil-ktor/pharmaMobil-ktor/build/ios-dispositivo/iosApp.build/Debug-iphoneos/iosApp.build/DerivedSources -Xcc -DDEBUG\=1 -emit-objc-header -emit-objc-header-path /Users/runner/work/pharmaMobil-ktor/pharmaMobil-ktor/build/ios-dispositivo/iosApp.build/Debug-iphoneos/iosApp.build/Objects-normal/arm64/PharmaMobil-Swift.h -working-directory /Users/runner/work/pharmaMobil-ktor/pharmaMobil-ktor/iosApp -experimental-emit-module-separately -disable-cmo

SwiftCompile normal arm64 Compiling\ GeneratedAssetSymbols.swift /Users/runner/work/pharmaMobil-ktor/pharmaMobil-ktor/build/ios-dispositivo/iosApp.build/Debug-iphoneos/iosApp.build/DerivedSources/GeneratedAssetSymbols.swift (in target 'iosApp' from project 'iosApp')

SwiftCompile normal arm64 /Users/runner/work/pharmaMobil-ktor/pharmaMobil-ktor/build/ios-dispositivo/iosApp.build/Debug-iphoneos/iosApp.build/DerivedSources/GeneratedAssetSymbols.swift (in target 'iosApp' from project 'iosApp')
    cd /Users/runner/work/pharmaMobil-ktor/pharmaMobil-ktor/iosApp
    

SwiftMergeGeneratedHeaders /Users/runner/work/pharmaMobil-ktor/pharmaMobil-ktor/build/ios-dispositivo/iosApp.build/Debug-iphoneos/iosApp.build/DerivedSources/PharmaMobil-Swift.h /Users/runner/work/pharmaMobil-ktor/pharmaMobil-ktor/build/ios-dispositivo/iosApp.build/Debug-iphoneos/iosApp.build/Objects-normal/arm64/PharmaMobil-Swift.h (in target 'iosApp' from project 'iosApp')
    cd /Users/runner/work/pharmaMobil-ktor/pharmaMobil-ktor/iosApp
    builtin-swiftHeaderTool -arch arm64 /Users/runner/work/pharmaMobil-ktor/pharmaMobil-ktor/build/ios-dispositivo/iosApp.build/Debug-iphoneos/iosApp.build/Objects-normal/arm64/PharmaMobil-Swift.h -o /Users/runner/work/pharmaMobil-ktor/pharmaMobil-ktor/build/ios-dispositivo/iosApp.build/Debug-iphoneos/iosApp.build/DerivedSources/PharmaMobil-Swift.h

SwiftDriverJobDiscovery normal arm64 Compiling ContentView.swift (in target 'iosApp' from project 'iosApp')

Copy /Users/runner/work/pharmaMobil-ktor/pharmaMobil-ktor/build/ios-dispositivo/Debug-iphoneos/PharmaMobil.swiftmodule/arm64-apple-ios.swiftmodule /Users/runner/work/pharmaMobil-ktor/pharmaMobil-ktor/build/ios-dispositivo/iosApp.build/Debug-iphoneos/iosApp.build/Objects-normal/arm64/PharmaMobil.swiftmodule (in target 'iosApp' from project 'iosApp')
    cd /Users/runner/work/pharmaMobil-ktor/pharmaMobil-ktor/iosApp
    builtin-copy -exclude .DS_Store -exclude CVS -exclude .svn -exclude .git -exclude .hg -resolve-src-symlinks -rename /Users/runner/work/pharmaMobil-ktor/pharmaMobil-ktor/build/ios-dispositivo/iosApp.build/Debug-iphoneos/iosApp.build/Objects-normal/arm64/PharmaMobil.swiftmodule /Users/runner/work/pharmaMobil-ktor/pharmaMobil-ktor/build/ios-dispositivo/Debug-iphoneos/PharmaMobil.swiftmodule/arm64-apple-ios.swiftmodule

Copy /Users/runner/work/pharmaMobil-ktor/pharmaMobil-ktor/build/ios-dispositivo/Debug-iphoneos/PharmaMobil.swiftmodule/arm64-apple-ios.swiftdoc /Users/runner/work/pharmaMobil-ktor/pharmaMobil-ktor/build/ios-dispositivo/iosApp.build/Debug-iphoneos/iosApp.build/Objects-normal/arm64/PharmaMobil.swiftdoc (in target 'iosApp' from project 'iosApp')
    cd /Users/runner/work/pharmaMobil-ktor/pharmaMobil-ktor/iosApp
    builtin-copy -exclude .DS_Store -exclude CVS -exclude .svn -exclude .git -exclude .hg -resolve-src-symlinks -rename /Users/runner/work/pharmaMobil-ktor/pharmaMobil-ktor/build/ios-dispositivo/iosApp.build/Debug-iphoneos/iosApp.build/Objects-normal/arm64/PharmaMobil.swiftdoc /Users/runner/work/pharmaMobil-ktor/pharmaMobil-ktor/build/ios-dispositivo/Debug-iphoneos/PharmaMobil.swiftmodule/arm64-apple-ios.swiftdoc

SwiftDriverJobDiscovery normal arm64 Compiling iOSApp.swift (in target 'iosApp' from project 'iosApp')

Copy /Users/runner/work/pharmaMobil-ktor/pharmaMobil-ktor/build/ios-dispositivo/Debug-iphoneos/PharmaMobil.swiftmodule/arm64-apple-ios.abi.json /Users/runner/work/pharmaMobil-ktor/pharmaMobil-ktor/build/ios-dispositivo/iosApp.build/Debug-iphoneos/iosApp.build/Objects-normal/arm64/PharmaMobil.abi.json (in target 'iosApp' from project 'iosApp')
    cd /Users/runner/work/pharmaMobil-ktor/pharmaMobil-ktor/iosApp
    builtin-copy -exclude .DS_Store -exclude CVS -exclude .svn -exclude .git -exclude .hg -resolve-src-symlinks -rename /Users/runner/work/pharmaMobil-ktor/pharmaMobil-ktor/build/ios-dispositivo/iosApp.build/Debug-iphoneos/iosApp.build/Objects-normal/arm64/PharmaMobil.abi.json /Users/runner/work/pharmaMobil-ktor/pharmaMobil-ktor/build/ios-dispositivo/Debug-iphoneos/PharmaMobil.swiftmodule/arm64-apple-ios.abi.json

Copy /Users/runner/work/pharmaMobil-ktor/pharmaMobil-ktor/build/ios-dispositivo/Debug-iphoneos/PharmaMobil.swiftmodule/Project/arm64-apple-ios.swiftsourceinfo /Users/runner/work/pharmaMobil-ktor/pharmaMobil-ktor/build/ios-dispositivo/iosApp.build/Debug-iphoneos/iosApp.build/Objects-normal/arm64/PharmaMobil.swiftsourceinfo (in target 'iosApp' from project 'iosApp')
    cd /Users/runner/work/pharmaMobil-ktor/pharmaMobil-ktor/iosApp
    builtin-copy -exclude .DS_Store -exclude CVS -exclude .svn -exclude .git -exclude .hg -resolve-src-symlinks -rename /Users/runner/work/pharmaMobil-ktor/pharmaMobil-ktor/build/ios-dispositivo/iosApp.build/Debug-iphoneos/iosApp.build/Objects-normal/arm64/PharmaMobil.swiftsourceinfo /Users/runner/work/pharmaMobil-ktor/pharmaMobil-ktor/build/ios-dispositivo/Debug-iphoneos/PharmaMobil.swiftmodule/Project/arm64-apple-ios.swiftsourceinfo

SwiftDriverJobDiscovery normal arm64 Compiling GeneratedAssetSymbols.swift (in target 'iosApp' from project 'iosApp')

SwiftDriver\ Compilation iosApp normal arm64 com.apple.xcode.tools.swift.compiler (in target 'iosApp' from project 'iosApp')
    cd /Users/runner/work/pharmaMobil-ktor/pharmaMobil-ktor/iosApp
    builtin-Swift-Compilation -- /Applications/Xcode_26.6.app/Contents/Developer/Toolchains/XcodeDefault.xctoolchain/usr/bin/swiftc -module-name PharmaMobil -Onone @/Users/runner/work/pharmaMobil-ktor/pharmaMobil-ktor/build/ios-dispositivo/iosApp.build/Debug-iphoneos/iosApp.build/Objects-normal/arm64/PharmaMobil.SwiftFileList -DDEBUG -enable-bare-slash-regex -enable-experimental-feature DebugDescriptionMacro -sdk /Applications/Xcode_26.6.app/Contents/Developer/Platforms/iPhoneOS.platform/Developer/SDKs/iPhoneOS26.5.sdk -target arm64-apple-ios18.2 -g -Xfrontend -serialize-debugging-options -enable-testing -Xcc -D_LIBCPP_HARDENING_MODE\=_LIBCPP_HARDENING_MODE_DEBUG -swift-version 5 -I /Users/runner/work/pharmaMobil-ktor/pharmaMobil-ktor/build/ios-dispositivo/Debug-iphoneos -F /Users/runner/work/pharmaMobil-ktor/pharmaMobil-ktor/build/ios-dispositivo/Debug-iphoneos -emit-localized-strings -emit-localized-strings-path /Users/runner/work/pharmaMobil-ktor/pharmaMobil-ktor/build/ios-dispositivo/iosApp.build/Debug-iphoneos/iosApp.build/Objects-normal/arm64 -c -j3 -enable-batch-mode -incremental -Xcc -ivfsstatcache -Xcc /var/folders/36/tjdph2t965j8snz9_vkdnw0r0000gn/C/com.apple.DeveloperTools/26.6-17F113/Xcode/SDKStatCaches.noindex/iphoneos26.5-23F81a-688ef53f1462e2c8f657fdc38a81448fee66e23052a0157c865c76b268046726.sdkstatcache -output-file-map /Users/runner/work/pharmaMobil-ktor/pharmaMobil-ktor/build/ios-dispositivo/iosApp.build/Debug-iphoneos/iosApp.build/Objects-normal/arm64/iosApp-OutputFileMap.json -use-frontend-parseable-output -save-temps -no-color-diagnostics -explicit-module-build -module-cache-path /Users/runner/work/pharmaMobil-ktor/pharmaMobil-ktor/build/ios-dispositivo/SwiftExplicitPrecompiledModules -serialize-diagnostics -emit-dependencies -emit-module -emit-module-path /Users/runner/work/pharmaMobil-ktor/pharmaMobil-ktor/build/ios-dispositivo/iosApp.build/Debug-iphoneos/iosApp.build/Objects-normal/arm64/PharmaMobil.swiftmodule -validate-clang-modules-once -clang-build-session-file /var/folders/36/tjdph2t965j8snz9_vkdnw0r0000gn/C/org.llvm.clang/ModuleCache.noindex/Session.modulevalidation -Xcc -I/Users/runner/work/pharmaMobil-ktor/pharmaMobil-ktor/build/ios-dispositivo/iosApp.build/Debug-iphoneos/iosApp.build/swift-overrides.hmap -emit-const-values -Xfrontend -const-gather-protocols-file -Xfrontend /Users/runner/work/pharmaMobil-ktor/pharmaMobil-ktor/build/ios-dispositivo/iosApp.build/Debug-iphoneos/iosApp.build/Objects-normal/arm64/iosApp_const_extract_protocols.json -Xcc -iquote -Xcc /Users/runner/work/pharmaMobil-ktor/pharmaMobil-ktor/build/ios-dispositivo/iosApp.build/Debug-iphoneos/iosApp.build/PharmaMobil-generated-files.hmap -Xcc -I/Users/runner/work/pharmaMobil-ktor/pharmaMobil-ktor/build/ios-dispositivo/iosApp.build/Debug-iphoneos/iosApp.build/PharmaMobil-own-target-headers.hmap -Xcc -I/Users/runner/work/pharmaMobil-ktor/pharmaMobil-ktor/build/ios-dispositivo/iosApp.build/Debug-iphoneos/iosApp.build/PharmaMobil-all-target-headers.hmap -Xcc -iquote -Xcc /Users/runner/work/pharmaMobil-ktor/pharmaMobil-ktor/build/ios-dispositivo/iosApp.build/Debug-iphoneos/iosApp.build/PharmaMobil-project-headers.hmap -Xcc -I/Users/runner/work/pharmaMobil-ktor/pharmaMobil-ktor/build/ios-dispositivo/Debug-iphoneos/include -Xcc -I/Users/runner/work/pharmaMobil-ktor/pharmaMobil-ktor/build/ios-dispositivo/iosApp.build/Debug-iphoneos/iosApp.build/DerivedSources-normal/arm64 -Xcc -I/Users/runner/work/pharmaMobil-ktor/pharmaMobil-ktor/build/ios-dispositivo/iosApp.build/Debug-iphoneos/iosApp.build/DerivedSources/arm64 -Xcc -I/Users/runner/work/pharmaMobil-ktor/pharmaMobil-ktor/build/ios-dispositivo/iosApp.build/Debug-iphoneos/iosApp.build/DerivedSources -Xcc -DDEBUG\=1 -emit-objc-header -emit-objc-header-path /Users/runner/work/pharmaMobil-ktor/pharmaMobil-ktor/build/ios-dispositivo/iosApp.build/Debug-iphoneos/iosApp.build/Objects-normal/arm64/PharmaMobil-Swift.h -working-directory /Users/runner/work/pharmaMobil-ktor/pharmaMobil-ktor/iosApp -experimental-emit-module-separately -disable-cmo

Ld /Users/runner/work/pharmaMobil-ktor/pharmaMobil-ktor/build/ios-dispositivo/Debug-iphoneos/PharmaMobil.app/PharmaMobil normal (in target 'iosApp' from project 'iosApp')
    cd /Users/runner/work/pharmaMobil-ktor/pharmaMobil-ktor/iosApp
    /Applications/Xcode_26.6.app/Contents/Developer/Toolchains/XcodeDefault.xctoolchain/usr/bin/clang -Xlinker -reproducible -target arm64-apple-ios18.2 -isysroot /Applications/Xcode_26.6.app/Contents/Developer/Platforms/iPhoneOS.platform/Developer/SDKs/iPhoneOS26.5.sdk -O0 -L/Users/runner/work/pharmaMobil-ktor/pharmaMobil-ktor/build/ios-dispositivo/EagerLinkingTBDs/Debug-iphoneos -L/Users/runner/work/pharmaMobil-ktor/pharmaMobil-ktor/build/ios-dispositivo/Debug-iphoneos -F/Users/runner/work/pharmaMobil-ktor/pharmaMobil-ktor/build/ios-dispositivo/EagerLinkingTBDs/Debug-iphoneos -F/Users/runner/work/pharmaMobil-ktor/pharmaMobil-ktor/build/ios-dispositivo/Debug-iphoneos -filelist /Users/runner/work/pharmaMobil-ktor/pharmaMobil-ktor/build/ios-dispositivo/iosApp.build/Debug-iphoneos/iosApp.build/Objects-normal/arm64/PharmaMobil.LinkFileList -Xlinker -rpath -Xlinker /usr/lib/swift -Xlinker -rpath -Xlinker @executable_path/Frameworks -Xlinker -dead_strip -Xlinker -object_path_lto -Xlinker /Users/runner/work/pharmaMobil-ktor/pharmaMobil-ktor/build/ios-dispositivo/iosApp.build/Debug-iphoneos/iosApp.build/Objects-normal/arm64/PharmaMobil_lto.o -rdynamic -Xlinker -no_deduplicate -Xlinker -dependency_info -Xlinker /Users/runner/work/pharmaMobil-ktor/pharmaMobil-ktor/build/ios-dispositivo/iosApp.build/Debug-iphoneos/iosApp.build/Objects-normal/arm64/PharmaMobil_dependency_info.dat -fobjc-link-runtime -L/Applications/Xcode_26.6.app/Contents/Developer/Toolchains/XcodeDefault.xctoolchain/usr/lib/swift/iphoneos -L/usr/lib/swift -Xlinker -add_ast_path -Xlinker /Users/runner/work/pharmaMobil-ktor/pharmaMobil-ktor/build/ios-dispositivo/iosApp.build/Debug-iphoneos/iosApp.build/Objects-normal/arm64/PharmaMobil.swiftmodule @/Users/runner/work/pharmaMobil-ktor/pharmaMobil-ktor/build/ios-dispositivo/iosApp.build/Debug-iphoneos/iosApp.build/Objects-normal/arm64/PharmaMobil-linker-args.resp -o /Users/runner/work/pharmaMobil-ktor/pharmaMobil-ktor/build/ios-dispositivo/Debug-iphoneos/PharmaMobil.app/PharmaMobil

CopySwiftLibs /Users/runner/work/pharmaMobil-ktor/pharmaMobil-ktor/build/ios-dispositivo/Debug-iphoneos/PharmaMobil.app (in target 'iosApp' from project 'iosApp')
    cd /Users/runner/work/pharmaMobil-ktor/pharmaMobil-ktor/iosApp
    builtin-swiftStdLibTool --copy --verbose --scan-executable /Users/runner/work/pharmaMobil-ktor/pharmaMobil-ktor/build/ios-dispositivo/Debug-iphoneos/PharmaMobil.app/PharmaMobil --scan-folder /Users/runner/work/pharmaMobil-ktor/pharmaMobil-ktor/build/ios-dispositivo/Debug-iphoneos/PharmaMobil.app/Frameworks --scan-folder /Users/runner/work/pharmaMobil-ktor/pharmaMobil-ktor/build/ios-dispositivo/Debug-iphoneos/PharmaMobil.app/PlugIns --scan-folder /Users/runner/work/pharmaMobil-ktor/pharmaMobil-ktor/build/ios-dispositivo/Debug-iphoneos/PharmaMobil.app/SystemExtensions --scan-folder /Users/runner/work/pharmaMobil-ktor/pharmaMobil-ktor/build/ios-dispositivo/Debug-iphoneos/PharmaMobil.app/Extensions --platform iphoneos --toolchain /var/run/com.apple.security.cryptexd/mnt/com.apple.MobileAsset.MetalToolchain-v17.6.109.0.M0b8Ts/Metal.xctoolchain --toolchain /Applications/Xcode_26.6.app/Contents/Developer/Toolchains/XcodeDefault.xctoolchain --destination /Users/runner/work/pharmaMobil-ktor/pharmaMobil-ktor/build/ios-dispositivo/Debug-iphoneos/PharmaMobil.app/Frameworks --strip-bitcode --strip-bitcode-tool /Applications/Xcode_26.6.app/Contents/Developer/Toolchains/XcodeDefault.xctoolchain/usr/bin/bitcode_strip --emit-dependency-info /Users/runner/work/pharmaMobil-ktor/pharmaMobil-ktor/build/ios-dispositivo/iosApp.build/Debug-iphoneos/iosApp.build/SwiftStdLibToolInputDependencies.dep --filter-for-swift-os --back-deploy-swift-span
Ignoring --strip-bitcode because --sign was not passed

ExtractAppIntentsMetadata (in target 'iosApp' from project 'iosApp')
    cd /Users/runner/work/pharmaMobil-ktor/pharmaMobil-ktor/iosApp
    /Applications/Xcode_26.6.app/Contents/Developer/Toolchains/XcodeDefault.xctoolchain/usr/bin/appintentsmetadataprocessor --toolchain-dir /var/run/com.apple.security.cryptexd/mnt/com.apple.MobileAsset.MetalToolchain-v17.6.109.0.M0b8Ts/Metal.xctoolchain --module-name PharmaMobil --sdk-root /Applications/Xcode_26.6.app/Contents/Developer/Platforms/iPhoneOS.platform/Developer/SDKs/iPhoneOS26.5.sdk --xcode-version 17F113 --platform-family iOS --deployment-target 18.2 --bundle-identifier pe.edu.upeu.pharmamobil.PharmaMobil --output /Users/runner/work/pharmaMobil-ktor/pharmaMobil-ktor/build/ios-dispositivo/Debug-iphoneos/PharmaMobil.app --target-triple arm64-apple-ios18.2 --binary-file /Users/runner/work/pharmaMobil-ktor/pharmaMobil-ktor/build/ios-dispositivo/Debug-iphoneos/PharmaMobil.app/PharmaMobil --dependency-file /Users/runner/work/pharmaMobil-ktor/pharmaMobil-ktor/build/ios-dispositivo/iosApp.build/Debug-iphoneos/iosApp.build/Objects-normal/arm64/PharmaMobil_dependency_info.dat --stringsdata-file /Users/runner/work/pharmaMobil-ktor/pharmaMobil-ktor/build/ios-dispositivo/iosApp.build/Debug-iphoneos/iosApp.build/Objects-normal/arm64/ExtractedAppShortcutsMetadata.stringsdata --source-file-list /Users/runner/work/pharmaMobil-ktor/pharmaMobil-ktor/build/ios-dispositivo/iosApp.build/Debug-iphoneos/iosApp.build/Objects-normal/arm64/PharmaMobil.SwiftFileList --metadata-file-list /Users/runner/work/pharmaMobil-ktor/pharmaMobil-ktor/build/ios-dispositivo/iosApp.build/Debug-iphoneos/iosApp.build/PharmaMobil.DependencyMetadataFileList --static-metadata-file-list /Users/runner/work/pharmaMobil-ktor/pharmaMobil-ktor/build/ios-dispositivo/iosApp.build/Debug-iphoneos/iosApp.build/PharmaMobil.DependencyStaticMetadataFileList --swift-const-vals-list /Users/runner/work/pharmaMobil-ktor/pharmaMobil-ktor/build/ios-dispositivo/iosApp.build/Debug-iphoneos/iosApp.build/Objects-normal/arm64/PharmaMobil.SwiftConstValuesFileList --compile-time-extraction --deployment-aware-processing --validate-assistant-intents --no-app-shortcuts-localization
2026-10-09 20:21:46.838 appintentsmetadataprocessor[22602:61426] Starting appintentsmetadataprocessor export
2026-10-09 20:21:46.847 appintentsmetadataprocessor[22602:61426] warning: Metadata extraction skipped. No AppIntents.framework dependency found.

AppIntentsSSUTraining (in target 'iosApp' from project 'iosApp')
    cd /Users/runner/work/pharmaMobil-ktor/pharmaMobil-ktor/iosApp
    /Applications/Xcode_26.6.app/Contents/Developer/Toolchains/XcodeDefault.xctoolchain/usr/bin/appintentsnltrainingprocessor --infoplist-path /Users/runner/work/pharmaMobil-ktor/pharmaMobil-ktor/build/ios-dispositivo/Debug-iphoneos/PharmaMobil.app/Info.plist --temp-dir-path /Users/runner/work/pharmaMobil-ktor/pharmaMobil-ktor/build/ios-dispositivo/iosApp.build/Debug-iphoneos/iosApp.build/ssu --bundle-id pe.edu.upeu.pharmamobil.PharmaMobil --product-path /Users/runner/work/pharmaMobil-ktor/pharmaMobil-ktor/build/ios-dispositivo/Debug-iphoneos/PharmaMobil.app --extracted-metadata-path /Users/runner/work/pharmaMobil-ktor/pharmaMobil-ktor/build/ios-dispositivo/Debug-iphoneos/PharmaMobil.app/Metadata.appintents --metadata-file-list /Users/runner/work/pharmaMobil-ktor/pharmaMobil-ktor/build/ios-dispositivo/iosApp.build/Debug-iphoneos/iosApp.build/PharmaMobil.DependencyMetadataFileList --source-file /Users/runner/work/pharmaMobil-ktor/pharmaMobil-ktor/build/ios-dispositivo/Debug-iphoneos/PharmaMobil.app/Info.plist --archive-ssu-assets
2026-10-09 20:21:46.877 appintentsnltrainingprocessor[22609:61439] Parsing options for appintentsnltrainingprocessor
2026-10-09 20:21:46.878 appintentsnltrainingprocessor[22609:61439] Starting AppIntents SSU YAML Generation
2026-10-09 20:21:46.882 appintentsnltrainingprocessor[22609:61439] No AppShortcuts found - Skipping.

RegisterExecutionPolicyException /Users/runner/work/pharmaMobil-ktor/pharmaMobil-ktor/build/ios-dispositivo/Debug-iphoneos/PharmaMobil.app (in target 'iosApp' from project 'iosApp')
    cd /Users/runner/work/pharmaMobil-ktor/pharmaMobil-ktor/iosApp
    builtin-RegisterExecutionPolicyException /Users/runner/work/pharmaMobil-ktor/pharmaMobil-ktor/build/ios-dispositivo/Debug-iphoneos/PharmaMobil.app

Validate /Users/runner/work/pharmaMobil-ktor/pharmaMobil-ktor/build/ios-dispositivo/Debug-iphoneos/PharmaMobil.app (in target 'iosApp' from project 'iosApp')
    cd /Users/runner/work/pharmaMobil-ktor/pharmaMobil-ktor/iosApp
    builtin-validationUtility /Users/runner/work/pharmaMobil-ktor/pharmaMobil-ktor/build/ios-dispositivo/Debug-iphoneos/PharmaMobil.app -shallow-bundle -infoplist-subpath Info.plist

Touch /Users/runner/work/pharmaMobil-ktor/pharmaMobil-ktor/build/ios-dispositivo/Debug-iphoneos/PharmaMobil.app (in target 'iosApp' from project 'iosApp')
    cd /Users/runner/work/pharmaMobil-ktor/pharmaMobil-ktor/iosApp
    /usr/bin/touch -c /Users/runner/work/pharmaMobil-ktor/pharmaMobil-ktor/build/ios-dispositivo/Debug-iphoneos/PharmaMobil.app

note: Run script build phase 'Compile Kotlin Framework' will be run during every build because the option to run the script phase "Based on dependency analysis" is unchecked. (in target 'iosApp' from project 'iosApp')
** BUILD SUCCEEDED **

